ligne_source,programme_code,annee,nature_economique,montant_milliers_fcfa
8,015,2022,T2_PERSONNEL,994504.309
8,015,2022,T3_BIENS_SERVICES,2325265.211
8,015,2022,T4_TRANSFERTS,128066.827
8,015,2023,T2_PERSONNEL,1148065.332
8,015,2023,T3_BIENS_SERVICES,2066311.544
8,015,2023,T4_TRANSFERTS,116481.398
8,015,2024,T2_PERSONNEL,1240625.518
8,015,2024,T3_BIENS_SERVICES,1926697.238
8,015,2024,T4_TRANSFERTS,329598.36
8,015,2025,T2_PERSONNEL,1339732.0
8,015,2025,T3_BIENS_SERVICES,2258327.0
8,015,2025,T4_TRANSFERTS,485787.0
8,015,2026,T2_PERSONNEL,1237728.0
8,015,2026,T3_BIENS_SERVICES,2170767.0
8,015,2026,T4_TRANSFERTS,551347.0
8,015,2027,T2_PERSONNEL,1279815.0
8,015,2027,T3_BIENS_SERVICES,2170767.0
8,015,2027,T4_TRANSFERTS,551347.0
8,015,2028,T2_PERSONNEL,1325780.0
8,015,2028,T3_BIENS_SERVICES,2170767.0
8,015,2028,T4_TRANSFERTS,551347.0
9,016,2022,T2_PERSONNEL,123446.094
9,016,2022,T3_BIENS_SERVICES,155695.946
9,016,2022,T4_TRANSFERTS,202937.0
9,016,2022,T5_INVESTISSEMENT_RESSOURCES_INTERIEURES,450000.0
9,016,2022,T5_INVESTISSEMENT_RESSOURCES_EXTERIEURES,283480.069
9,016,2023,T2_PERSONNEL,671820.349
9,016,2023,T3_BIENS_SERVICES,245009.089
9,016,2023,T4_TRANSFERTS,245470.0
9,016,2023,T5_INVESTISSEMENT_RESSOURCES_INTERIEURES,895454.5
9,016,2024,T2_PERSONNEL,502430.634
9,016,2024,T3_BIENS_SERVICES,430748.13
9,016,2024,T4_TRANSFERTS,345470.0
9,016,2024,T5_INVESTISSEMENT_RESSOURCES_INTERIEURES,2172727.0
9,016,2025,T2_PERSONNEL,615975.0
9,016,2025,T3_BIENS_SERVICES,556028.0
9,016,2025,T4_TRANSFERTS,445470.0
9,016,2025,T5_INVESTISSEMENT_RESSOURCES_INTERIEURES,2309091.0
9,016,2026,T2_PERSONNEL,572221.0
9,016,2026,T3_BIENS_SERVICES,578028.0
9,016,2026,T4_TRANSFERTS,445470.0
9,016,2026,T5_INVESTISSEMENT_RESSOURCES_INTERIEURES,3099520.0
9,016,2027,T2_PERSONNEL,592730.0
9,016,2027,T3_BIENS_SERVICES,578028.0
9,016,2027,T4_TRANSFERTS,445470.0
9,016,2027,T5_INVESTISSEMENT_RESSOURCES_INTERIEURES,2500000.0
9,016,2028,T2_PERSONNEL,615129.0
9,016,2028,T3_BIENS_SERVICES,578028.0
9,016,2028,T4_TRANSFERTS,445470.0
9,016,2028,T5_INVESTISSEMENT_RESSOURCES_INTERIEURES,3209091.0
11,018,2022,T2_PERSONNEL,2999419.339
11,018,2022,T3_BIENS_SERVICES,2184306.771
11,018,2022,T4_TRANSFERTS,75000.0
11,018,2022,T5_INVESTISSEMENT_RESSOURCES_INTERIEURES,308619.216
11,018,2023,T2_PERSONNEL,1493544.556
11,018,2023,T3_BIENS_SERVICES,2271248.574
11,018,2023,T4_TRANSFERTS,139400.0
11,018,2024,T2_PERSONNEL,2060274.903
11,018,2024,T3_BIENS_SERVICES,2188135.253
11,018,2025,T2_PERSONNEL,1436019.0
11,018,2025,T3_BIENS_SERVICES,3188930.0
11,018,2026,T2_PERSONNEL,1633841.693
11,018,2026,T3_BIENS_SERVICES,3921322.135
11,018,2027,T2_PERSONNEL,1722152.0
11,018,2027,T3_BIENS_SERVICES,3921322.0
11,018,2028,T2_PERSONNEL,1815434.0
11,018,2028,T3_BIENS_SERVICES,3921321.0
12,019,2022,T2_PERSONNEL,416252.466
12,019,2022,T3_BIENS_SERVICES,165575.983
12,019,2022,T4_TRANSFERTS,85848.33
12,019,2023,T2_PERSONNEL,635275.581
12,019,2023,T3_BIENS_SERVICES,165358.8
12,019,2024,T2_PERSONNEL,526821.118
12,019,2024,T3_BIENS_SERVICES,173663.919
12,019,2025,T2_PERSONNEL,985306.0
12,019,2025,T3_BIENS_SERVICES,225525.0
12,019,2026,T2_PERSONNEL,1263724.258
12,019,2026,T3_BIENS_SERVICES,225525.0
12,019,2027,T2_PERSONNEL,1328528.0
12,019,2027,T3_BIENS_SERVICES,225525.0
12,019,2028,T2_PERSONNEL,1396980.0
12,019,2028,T3_BIENS_SERVICES,225525.0
13,020,2022,T2_PERSONNEL,3754471.802
13,020,2022,T3_BIENS_SERVICES,77725.826
13,020,2022,T4_TRANSFERTS,2236295.53
13,020,2022,T5_INVESTISSEMENT_RESSOURCES_INTERIEURES,4128615.0
13,020,2023,T2_PERSONNEL,6463230.255
13,020,2023,T3_BIENS_SERVICES,73490.0
13,020,2023,T4_TRANSFERTS,2251333.0
13,020,2023,T5_INVESTISSEMENT_RESSOURCES_INTERIEURES,3400000.0
13,020,2024,T2_PERSONNEL,7451939.366
13,020,2024,T3_BIENS_SERVICES,55731.88
13,020,2024,T4_TRANSFERTS,3167841.0
13,020,2024,T5_INVESTISSEMENT_RESSOURCES_INTERIEURES,10655000.0
13,020,2025,T2_PERSONNEL,8512436.0
13,020,2025,T3_BIENS_SERVICES,718505.0
13,020,2025,T4_TRANSFERTS,4471565.0
13,020,2025,T5_INVESTISSEMENT_RESSOURCES_INTERIEURES,9520000.0
13,020,2026,T2_PERSONNEL,10211914.838
13,020,2026,T3_BIENS_SERVICES,399455.865
13,020,2026,T4_TRANSFERTS,5178222.0
13,020,2026,T5_INVESTISSEMENT_RESSOURCES_INTERIEURES,11827098.223
13,020,2027,T2_PERSONNEL,10630989.0
13,020,2027,T3_BIENS_SERVICES,399456.0
13,020,2027,T4_TRANSFERTS,5178222.0
13,020,2027,T5_INVESTISSEMENT_RESSOURCES_INTERIEURES,11240647.0
13,020,2028,T2_PERSONNEL,11073653.0
13,020,2028,T3_BIENS_SERVICES,399456.0
13,020,2028,T4_TRANSFERTS,5178222.0
13,020,2028,T5_INVESTISSEMENT_RESSOURCES_INTERIEURES,14600000.0
14,095,2022,T2_PERSONNEL,47427.051
14,095,2022,T4_TRANSFERTS,8352573.707
14,095,2022,T5_INVESTISSEMENT_RESSOURCES_INTERIEURES,753952.0
14,095,2023,T4_TRANSFERTS,8626917.071
14,095,2023,T5_INVESTISSEMENT_RESSOURCES_INTERIEURES,1000000.0
14,095,2024,T4_TRANSFERTS,7000000.0
14,095,2024,T5_INVESTISSEMENT_RESSOURCES_INTERIEURES,1000000.0
14,095,2025,T4_TRANSFERTS,7000000.0
14,095,2025,T5_INVESTISSEMENT_RESSOURCES_INTERIEURES,1000000.0
14,095,2026,T4_TRANSFERTS,7000000.0
14,095,2026,T5_INVESTISSEMENT_RESSOURCES_INTERIEURES,1000000.0
14,095,2027,T4_TRANSFERTS,7000000.0
14,095,2027,T5_INVESTISSEMENT_RESSOURCES_INTERIEURES,1000000.0
14,095,2028,T4_TRANSFERTS,7000000.0
15,021,2022,T2_PERSONNEL,66620.153
15,021,2022,T3_BIENS_SERVICES,37916.915
15,021,2022,T4_TRANSFERTS,161140.0
15,021,2022,T5_INVESTISSEMENT_RESSOURCES_INTERIEURES,85000.0
15,021,2023,T2_PERSONNEL,343593.403
15,021,2023,T3_BIENS_SERVICES,32500.0
15,021,2023,T4_TRANSFERTS,211140.0
15,021,2024,T2_PERSONNEL,302308.644
15,021,2024,T3_BIENS_SERVICES,43948.177
15,021,2024,T4_TRANSFERTS,211140.0
15,021,2025,T2_PERSONNEL,226041.0
15,021,2025,T3_BIENS_SERVICES,130000.0
15,021,2025,T4_TRANSFERTS,241140.0
15,021,2026,T2_PERSONNEL,201451.92
15,021,2026,T3_BIENS_SERVICES,130000.0
15,021,2026,T4_TRANSFERTS,241140.0
15,021,2027,T2_PERSONNEL,211349.0
15,021,2027,T3_BIENS_SERVICES,130000.0
15,021,2027,T4_TRANSFERTS,241140.0
15,021,2028,T2_PERSONNEL,221803.0
15,021,2028,T3_BIENS_SERVICES,130000.0
15,021,2028,T4_TRANSFERTS,241140.0
17,022,2022,T2_PERSONNEL,866834.371
17,022,2022,T3_BIENS_SERVICES,1789514.718
17,022,2022,T5_INVESTISSEMENT_RESSOURCES_INTERIEURES,375975.833
17,022,2023,T2_PERSONNEL,1187308.585
17,022,2023,T3_BIENS_SERVICES,1812352.743
17,022,2023,T4_TRANSFERTS,276000.0
17,022,2023,T5_INVESTISSEMENT_RESSOURCES_INTERIEURES,85392.502
17,022,2024,T2_PERSONNEL,1668565.873
17,022,2024,T3_BIENS_SERVICES,2077518.208
17,022,2024,T5_INVESTISSEMENT_RESSOURCES_INTERIEURES,603207.518
17,022,2025,T2_PERSONNEL,1314463.0
17,022,2025,T3_BIENS_SERVICES,2477486.0
17,022,2025,T5_INVESTISSEMENT_RESSOURCES_INTERIEURES,1300000.0
17,022,2026,T2_PERSONNEL,844221.374
17,022,2026,T3_BIENS_SERVICES,2400986.0
17,022,2026,T5_INVESTISSEMENT_RESSOURCES_INTERIEURES,1550000.0
17,022,2027,T2_PERSONNEL,844221.0
17,022,2027,T3_BIENS_SERVICES,2400985.0
17,022,2027,T5_INVESTISSEMENT_RESSOURCES_INTERIEURES,1800000.0
17,022,2028,T2_PERSONNEL,844220.0
17,022,2028,T3_BIENS_SERVICES,2400986.0
17,022,2028,T5_INVESTISSEMENT_RESSOURCES_INTERIEURES,1800000.0
18,023,2022,T2_PERSONNEL,212229.578
18,023,2022,T3_BIENS_SERVICES,312510.773
18,023,2022,T4_TRANSFERTS,50000.0
18,023,2023,T2_PERSONNEL,1043208.197
18,023,2023,T3_BIENS_SERVICES,287631.727
18,023,2023,T4_TRANSFERTS,132500.0
18,023,2024,T2_PERSONNEL,946673.042
18,023,2024,T3_BIENS_SERVICES,404393.436
18,023,2024,T4_TRANSFERTS,100000.0
18,023,2025,T2_PERSONNEL,1098265.0
18,023,2025,T3_BIENS_SERVICES,606800.0
18,023,2025,T4_TRANSFERTS,100000.0
18,023,2026,T2_PERSONNEL,1098264.935
18,023,2026,T3_BIENS_SERVICES,606800.0
18,023,2026,T4_TRANSFERTS,100000.0
18,023,2027,T2_PERSONNEL,1098265.0
18,023,2027,T3_BIENS_SERVICES,606800.0
18,023,2027,T4_TRANSFERTS,100000.0
18,023,2028,T2_PERSONNEL,1098265.0
18,023,2028,T3_BIENS_SERVICES,606800.0
18,023,2028,T4_TRANSFERTS,100000.0
19,103,2022,T2_PERSONNEL,4795255.23
19,103,2022,T3_BIENS_SERVICES,2701500.882
19,103,2022,T5_INVESTISSEMENT_RESSOURCES_INTERIEURES,295369.591
19,103,2023,T2_PERSONNEL,4201318.113
19,103,2023,T3_BIENS_SERVICES,2693279.895
19,103,2023,T4_TRANSFERTS,21250.0
19,103,2023,T5_INVESTISSEMENT_RESSOURCES_INTERIEURES,211492.5
19,103,2024,T2_PERSONNEL,4421563.521
19,103,2024,T3_BIENS_SERVICES,2501963.391
19,103,2024,T4_TRANSFERTS,86468.672
19,103,2024,T5_INVESTISSEMENT_RESSOURCES_INTERIEURES,200000.0
19,103,2025,T2_PERSONNEL,8691293.0
19,103,2025,T3_BIENS_SERVICES,2989415.0
19,103,2025,T5_INVESTISSEMENT_RESSOURCES_INTERIEURES,600000.0
19,103,2026,T2_PERSONNEL,7493548.596
19,103,2026,T3_BIENS_SERVICES,3565915.0
19,103,2026,T5_INVESTISSEMENT_RESSOURCES_INTERIEURES,600000.0
19,103,2027,T2_PERSONNEL,7918465.0
19,103,2027,T3_BIENS_SERVICES,3565915.0
19,103,2027,T5_INVESTISSEMENT_RESSOURCES_INTERIEURES,700000.0
19,103,2028,T2_PERSONNEL,8359495.0
19,103,2028,T3_BIENS_SERVICES,3565915.0
19,103,2028,T5_INVESTISSEMENT_RESSOURCES_INTERIEURES,700000.0
21,026,2022,T2_PERSONNEL,1005419.043
21,026,2022,T3_BIENS_SERVICES,2825709.922
21,026,2022,T5_INVESTISSEMENT_RESSOURCES_INTERIEURES,946583.993
21,026,2023,T2_PERSONNEL,1537729.201
21,026,2023,T3_BIENS_SERVICES,2674701.402
21,026,2023,T5_INVESTISSEMENT_RESSOURCES_INTERIEURES,703334.213
21,026,2024,T2_PERSONNEL,2625942.062
21,026,2024,T3_BIENS_SERVICES,3570829.72
21,026,2024,T5_INVESTISSEMENT_RESSOURCES_INTERIEURES,2154300.0
21,026,2025,T2_PERSONNEL,1933311.0
21,026,2025,T3_BIENS_SERVICES,4196101.0
21,026,2025,T5_INVESTISSEMENT_RESSOURCES_INTERIEURES,1500000.0
21,026,2025,T5_INVESTISSEMENT_PRETS,3000000.0
21,026,2026,T2_PERSONNEL,1768024.0
21,026,2026,T3_BIENS_SERVICES,4196101.0
21,026,2026,T5_INVESTISSEMENT_RESSOURCES_INTERIEURES,1500000.0
21,026,2027,T2_PERSONNEL,1824676.0
21,026,2027,T3_BIENS_SERVICES,4196101.0
21,026,2027,T5_INVESTISSEMENT_RESSOURCES_INTERIEURES,1500000.0
21,026,2028,T2_PERSONNEL,1888539.0
21,026,2028,T3_BIENS_SERVICES,4196101.0
21,026,2028,T5_INVESTISSEMENT_RESSOURCES_INTERIEURES,2354810.0
22,027,2022,T2_PERSONNEL,282779.64
22,027,2022,T3_BIENS_SERVICES,316909.518
22,027,2022,T4_TRANSFERTS,2865000.0
22,027,2022,T5_INVESTISSEMENT_RESSOURCES_INTERIEURES,54436.055
22,027,2023,T2_PERSONNEL,509560.135
22,027,2023,T3_BIENS_SERVICES,379907.27
22,027,2023,T4_TRANSFERTS,3550000.0
22,027,2023,T5_INVESTISSEMENT_RESSOURCES_INTERIEURES,1004715.28
22,027,2024,T2_PERSONNEL,1188397.807
22,027,2024,T3_BIENS_SERVICES,414838.06
22,027,2024,T4_TRANSFERTS,3550000.0
22,027,2024,T5_INVESTISSEMENT_RESSOURCES_INTERIEURES,513099.075
22,027,2024,T5_INVESTISSEMENT_DONS,90979.258
22,027,2024,T5_INVESTISSEMENT_PRETS,23028120.139
22,027,2025,T2_PERSONNEL,948850.0
22,027,2025,T3_BIENS_SERVICES,773570.992
22,027,2025,T4_TRANSFERTS,11074974.0
22,027,2025,T5_INVESTISSEMENT_RESSOURCES_INTERIEURES,4100000.0
22,027,2026,T2_PERSONNEL,958713.0
22,027,2026,T3_BIENS_SERVICES,773570.992
22,027,2026,T4_TRANSFERTS,11074974.0
22,027,2026,T5_INVESTISSEMENT_RESSOURCES_INTERIEURES,12988014.11
22,027,2027,T2_PERSONNEL,998966.0
22,027,2027,T3_BIENS_SERVICES,773571.0
22,027,2027,T4_TRANSFERTS,11074974.0
22,027,2027,T5_INVESTISSEMENT_RESSOURCES_INTERIEURES,8190193.0
22,027,2028,T2_PERSONNEL,1044343.0
22,027,2028,T3_BIENS_SERVICES,773571.0
22,027,2028,T4_TRANSFERTS,11074974.0
22,027,2028,T5_INVESTISSEMENT_RESSOURCES_INTERIEURES,4600000.0
23,028,2022,T2_PERSONNEL,9536380.114
23,028,2022,T3_BIENS_SERVICES,1286227.823
23,028,2022,T4_TRANSFERTS,415000.0
23,028,2022,T5_INVESTISSEMENT_RESSOURCES_INTERIEURES,63853.376
23,028,2023,T2_PERSONNEL,15971591.872
23,028,2023,T3_BIENS_SERVICES,1189549.989
23,028,2023,T4_TRANSFERTS,411250.0
23,028,2024,T2_PERSONNEL,12026857.829
23,028,2024,T3_BIENS_SERVICES,1645906.003
23,028,2025,T2_PERSONNEL,15105434.0
23,028,2025,T3_BIENS_SERVICES,2986000.0
23,028,2025,T4_TRANSFERTS,1315000.0
23,028,2025,T5_INVESTISSEMENT_RESSOURCES_INTERIEURES,100000.0
23,028,2025,T5_INVESTISSEMENT_DONS,577027.0
23,028,2026,T2_PERSONNEL,15633938.0
23,028,2026,T3_BIENS_SERVICES,2986000.0
23,028,2026,T4_TRANSFERTS,1315000.0
23,028,2027,T2_PERSONNEL,16252678.0
23,028,2027,T3_BIENS_SERVICES,2986000.0
23,028,2027,T4_TRANSFERTS,1315000.0
23,028,2028,T2_PERSONNEL,16950169.0
23,028,2028,T3_BIENS_SERVICES,2986000.0
23,028,2028,T4_TRANSFERTS,1315000.0
24,029,2022,T2_PERSONNEL,1476712.523
24,029,2022,T3_BIENS_SERVICES,419251.316
24,029,2022,T5_INVESTISSEMENT_RESSOURCES_INTERIEURES,80590.758
24,029,2023,T2_PERSONNEL,2973623.942
24,029,2023,T3_BIENS_SERVICES,438858.243
24,029,2024,T2_PERSONNEL,3183090.967
24,029,2024,T3_BIENS_SERVICES,576018.682
24,029,2025,T2_PERSONNEL,4957018.0
24,029,2025,T3_BIENS_SERVICES,1820001.0
24,029,2025,T5_INVESTISSEMENT_RESSOURCES_INTERIEURES,2000000.0
24,029,2026,T2_PERSONNEL,4538926.0
24,029,2026,T3_BIENS_SERVICES,1974001.0
24,029,2026,T5_INVESTISSEMENT_RESSOURCES_INTERIEURES,1000000.0
24,029,2027,T2_PERSONNEL,4705926.0
24,029,2027,T3_BIENS_SERVICES,1974001.0
24,029,2027,T5_INVESTISSEMENT_RESSOURCES_INTERIEURES,1000000.0
24,029,2028,T2_PERSONNEL,4894180.0
24,029,2028,T3_BIENS_SERVICES,1974001.0
24,029,2028,T5_INVESTISSEMENT_RESSOURCES_INTERIEURES,3682082.0
25,030,2022,T2_PERSONNEL,214312.146
25,030,2022,T3_BIENS_SERVICES,26567.364
25,030,2022,T4_TRANSFERTS,3559686.764
25,030,2023,T2_PERSONNEL,305514.802
25,030,2023,T3_BIENS_SERVICES,458320.32
25,030,2023,T4_TRANSFERTS,7634428.264
25,030,2023,T5_INVESTISSEMENT_RESSOURCES_INTERIEURES,700000.0
25,030,2024,T2_PERSONNEL,607057.982
25,030,2024,T3_BIENS_SERVICES,815406.42
25,030,2024,T4_TRANSFERTS,7524974.0
26,031,2022,T2_PERSONNEL,105185.0
26,031,2022,T3_BIENS_SERVICES,171342.312
26,031,2022,T4_TRANSFERTS,87215954.957
26,031,2023,T2_PERSONNEL,108052.0
26,031,2023,T3_BIENS_SERVICES,86045.352
26,031,2023,T4_TRANSFERTS,87256047.669
26,031,2024,T2_PERSONNEL,106440.0
26,031,2024,T3_BIENS_SERVICES,207757.16
26,031,2024,T4_TRANSFERTS,89262000.0
26,031,2025,T2_PERSONNEL,150000.0
26,031,2025,T3_BIENS_SERVICES,850000.0
26,031,2025,T4_TRANSFERTS,99600000.0
26,031,2026,T2_PERSONNEL,150000.0
26,031,2026,T3_BIENS_SERVICES,850000.0
26,031,2026,T4_TRANSFERTS,89600000.0
26,031,2027,T2_PERSONNEL,150000.0
26,031,2027,T3_BIENS_SERVICES,850000.0
26,031,2027,T4_TRANSFERTS,89800000.0
26,031,2028,T2_PERSONNEL,150000.0
26,031,2028,T3_BIENS_SERVICES,850000.0
26,031,2028,T4_TRANSFERTS,91100000.0
27,107,2022,T3_BIENS_SERVICES,437010.0
27,107,2023,T3_BIENS_SERVICES,22000.0
27,107,2024,T3_BIENS_SERVICES,144000.0
27,107,2025,T3_BIENS_SERVICES,5000000.0
27,107,2026,T4_TRANSFERTS,28000000.0
27,107,2027,T4_TRANSFERTS,28000000.0
27,107,2028,T4_TRANSFERTS,28000000.0
28,108,2022,T4_TRANSFERTS,570100.0
28,108,2023,T4_TRANSFERTS,3913978.75
28,108,2024,T4_TRANSFERTS,3929400.0
28,108,2025,T4_TRANSFERTS,6000000.0
28,108,2026,T4_TRANSFERTS,6000000.0
28,108,2027,T4_TRANSFERTS,6000000.0
28,108,2028,T4_TRANSFERTS,6000000.0
30,080,2022,T2_PERSONNEL,448700.0
30,080,2022,T3_BIENS_SERVICES,1840600.0
30,080,2022,T5_INVESTISSEMENT_RESSOURCES_INTERIEURES,92800.0
30,080,2023,T2_PERSONNEL,1014416.435
30,080,2023,T3_BIENS_SERVICES,1975686.176
30,080,2023,T5_INVESTISSEMENT_RESSOURCES_INTERIEURES,365531.236
30,080,2024,T2_PERSONNEL,966816.82
30,080,2024,T3_BIENS_SERVICES,2245919.056
30,080,2024,T5_INVESTISSEMENT_RESSOURCES_INTERIEURES,391579.622
30,080,2025,T2_PERSONNEL,763465.0
30,080,2025,T3_BIENS_SERVICES,2756181.0
30,080,2025,T5_INVESTISSEMENT_RESSOURCES_INTERIEURES,1000000.0
30,080,2026,T2_PERSONNEL,801120.0
30,080,2026,T3_BIENS_SERVICES,2746181.0
30,080,2026,T5_INVESTISSEMENT_RESSOURCES_INTERIEURES,2650000.0
30,080,2026,T5_INVESTISSEMENT_PRETS,10739415.0
30,080,2027,T2_PERSONNEL,860788.0
30,080,2027,T3_BIENS_SERVICES,2746181.0
30,080,2027,T5_INVESTISSEMENT_RESSOURCES_INTERIEURES,2850000.0
30,080,2027,T5_INVESTISSEMENT_PRETS,14319220.0
30,080,2028,T2_PERSONNEL,897549.0
30,080,2028,T3_BIENS_SERVICES,2746181.0
30,080,2028,T5_INVESTISSEMENT_RESSOURCES_INTERIEURES,1550000.0
30,080,2028,T5_INVESTISSEMENT_PRETS,10739415.0
31,081,2022,T2_PERSONNEL,31942700.0
31,081,2022,T3_BIENS_SERVICES,6605700.0
31,081,2022,T4_TRANSFERTS,363000.0
31,081,2022,T5_INVESTISSEMENT_RESSOURCES_INTERIEURES,276300.0
31,081,2023,T2_PERSONNEL,41856734.652
31,081,2023,T3_BIENS_SERVICES,4625994.142
31,081,2023,T4_TRANSFERTS,184000.0
31,081,2023,T5_INVESTISSEMENT_RESSOURCES_INTERIEURES,2289676.846
31,081,2024,T2_PERSONNEL,46963193.508
31,081,2024,T3_BIENS_SERVICES,4280735.08
31,081,2024,T4_TRANSFERTS,209000.0
31,081,2024,T5_INVESTISSEMENT_RESSOURCES_INTERIEURES,2006799.74
31,081,2025,T2_PERSONNEL,50515371.0
31,081,2025,T3_BIENS_SERVICES,5234954.0
31,081,2025,T4_TRANSFERTS,209000.0
31,081,2025,T5_INVESTISSEMENT_RESSOURCES_INTERIEURES,4100000.0
31,081,2026,T2_PERSONNEL,52377621.0
31,081,2026,T3_BIENS_SERVICES,5734954.0
31,081,2026,T4_TRANSFERTS,209000.0
31,081,2026,T5_INVESTISSEMENT_RESSOURCES_INTERIEURES,4100000.0
31,081,2027,T2_PERSONNEL,56444740.0
31,081,2027,T3_BIENS_SERVICES,5734954.0
31,081,2027,T4_TRANSFERTS,209000.0
31,081,2027,T5_INVESTISSEMENT_RESSOURCES_INTERIEURES,5000000.0
31,081,2028,T2_PERSONNEL,58950540.0
31,081,2028,T3_BIENS_SERVICES,5734954.0
31,081,2028,T4_TRANSFERTS,209000.0
31,081,2028,T5_INVESTISSEMENT_RESSOURCES_INTERIEURES,9000000.0
32,082,2022,T2_PERSONNEL,3852500.0
32,082,2022,T3_BIENS_SERVICES,311300.0
32,082,2022,T4_TRANSFERTS,240000.0
32,082,2023,T2_PERSONNEL,3521633.644
32,082,2023,T3_BIENS_SERVICES,237819.121
32,082,2023,T4_TRANSFERTS,280000.0
32,082,2023,T5_INVESTISSEMENT_RESSOURCES_INTERIEURES,347407.644
32,082,2024,T2_PERSONNEL,5040483.81
32,082,2024,T3_BIENS_SERVICES,235754.706
32,082,2024,T4_TRANSFERTS,280000.0
32,082,2024,T5_INVESTISSEMENT_RESSOURCES_INTERIEURES,1016295.527
32,082,2025,T2_PERSONNEL,5963774.0
32,082,2025,T4_TRANSFERTS,710385.0
32,082,2025,T5_INVESTISSEMENT_RESSOURCES_INTERIEURES,2200000.0
32,082,2026,T2_PERSONNEL,6092873.0
32,082,2026,T4_TRANSFERTS,710385.0
32,082,2026,T5_INVESTISSEMENT_RESSOURCES_INTERIEURES,2100000.0
32,082,2027,T2_PERSONNEL,6525402.0
32,082,2027,T4_TRANSFERTS,710385.0
32,082,2027,T5_INVESTISSEMENT_RESSOURCES_INTERIEURES,2000000.0
32,082,2028,T2_PERSONNEL,6791888.0
32,082,2028,T4_TRANSFERTS,710385.0
32,082,2028,T5_INVESTISSEMENT_RESSOURCES_INTERIEURES,2000000.0
33,084,2022,T2_PERSONNEL,58500.0
33,084,2022,T4_TRANSFERTS,20000.0
33,084,2022,T5_INVESTISSEMENT_RESSOURCES_INTERIEURES,1500000.0
33,084,2023,T4_TRANSFERTS,20000.0
33,084,2023,T5_INVESTISSEMENT_RESSOURCES_INTERIEURES,3773500.0
33,084,2024,T2_PERSONNEL,11138.046
33,084,2024,T4_TRANSFERTS,20000.0
33,084,2024,T5_INVESTISSEMENT_RESSOURCES_INTERIEURES,2000000.0
33,084,2025,T4_TRANSFERTS,20000.0
33,084,2025,T5_INVESTISSEMENT_RESSOURCES_INTERIEURES,2000000.0
33,084,2026,T4_TRANSFERTS,820000.0
33,084,2026,T5_INVESTISSEMENT_RESSOURCES_INTERIEURES,1200000.0
33,084,2027,T4_TRANSFERTS,820000.0
33,084,2027,T5_INVESTISSEMENT_RESSOURCES_INTERIEURES,2700000.0
33,084,2028,T4_TRANSFERTS,820000.0
33,084,2028,T5_INVESTISSEMENT_RESSOURCES_INTERIEURES,1200000.0
34,083,2022,T2_PERSONNEL,139500.0
34,083,2022,T3_BIENS_SERVICES,113700.0
34,083,2023,T2_PERSONNEL,159942.411
34,083,2023,T3_BIENS_SERVICES,121462.985
34,083,2024,T2_PERSONNEL,73651.015
34,083,2024,T3_BIENS_SERVICES,194690.827
34,083,2025,T2_PERSONNEL,139993.0
34,083,2025,T3_BIENS_SERVICES,229000.0
34,083,2026,T2_PERSONNEL,138331.0
34,083,2026,T3_BIENS_SERVICES,239000.0
34,083,2027,T2_PERSONNEL,149779.0
34,083,2027,T3_BIENS_SERVICES,239000.0
34,083,2028,T2_PERSONNEL,156831.0
34,083,2028,T3_BIENS_SERVICES,239000.0
36,035,2022,T2_PERSONNEL,1261809.047
36,035,2022,T3_BIENS_SERVICES,2515397.837
36,035,2022,T4_TRANSFERTS,339000.0
36,035,2022,T5_INVESTISSEMENT_RESSOURCES_INTERIEURES,2363690.165
36,035,2023,T2_PERSONNEL,1206928.887
36,035,2023,T3_BIENS_SERVICES,3182077.699
36,035,2023,T4_TRANSFERTS,292730.38
36,035,2023,T5_INVESTISSEMENT_RESSOURCES_INTERIEURES,181629.576
36,035,2024,T2_PERSONNEL,1536484.078
36,035,2024,T3_BIENS_SERVICES,3038969.205
36,035,2024,T4_TRANSFERTS,476031.554
36,035,2024,T5_INVESTISSEMENT_RESSOURCES_INTERIEURES,535541.055
36,035,2025,T2_PERSONNEL,2771100.0
36,035,2025,T3_BIENS_SERVICES,7007660.0
36,035,2025,T4_TRANSFERTS,586837.0
36,035,2025,T5_INVESTISSEMENT_RESSOURCES_INTERIEURES,863920.0
36,035,2026,T2_PERSONNEL,2077266.639
36,035,2026,T3_BIENS_SERVICES,7045656.985
36,035,2026,T4_TRANSFERTS,595036.999
36,035,2026,T5_INVESTISSEMENT_RESSOURCES_INTERIEURES,1295688.572
36,035,2027,T2_PERSONNEL,2138057.0
36,035,2027,T3_BIENS_SERVICES,7045657.0
36,035,2027,T4_TRANSFERTS,595037.0
36,035,2027,T5_INVESTISSEMENT_RESSOURCES_INTERIEURES,1603057.0
36,035,2028,T2_PERSONNEL,2199221.0
36,035,2028,T3_BIENS_SERVICES,7045657.0
36,035,2028,T4_TRANSFERTS,595032.0
36,035,2028,T5_INVESTISSEMENT_RESSOURCES_INTERIEURES,1849372.0
37,036,2022,T2_PERSONNEL,4985554.346
37,036,2022,T3_BIENS_SERVICES,1371593.117
37,036,2022,T4_TRANSFERTS,14600564.682
37,036,2022,T5_INVESTISSEMENT_RESSOURCES_INTERIEURES,14795919.939
37,036,2022,T5_INVESTISSEMENT_RESSOURCES_EXTERIEURES,35622043.446
37,036,2023,T2_PERSONNEL,6687457.369
37,036,2023,T3_BIENS_SERVICES,3820180.166
37,036,2023,T4_TRANSFERTS,11403911.0
37,036,2023,T5_INVESTISSEMENT_RESSOURCES_INTERIEURES,6959115.267
37,036,2023,T5_INVESTISSEMENT_DONS,14109481.998
37,036,2023,T5_INVESTISSEMENT_PRETS,42310669.387
37,036,2024,T2_PERSONNEL,6367288.158
37,036,2024,T3_BIENS_SERVICES,3736881.866
37,036,2024,T4_TRANSFERTS,16996786.0
37,036,2024,T5_INVESTISSEMENT_RESSOURCES_INTERIEURES,13027794.758
37,036,2024,T5_INVESTISSEMENT_DONS,2849735.553
37,036,2024,T5_INVESTISSEMENT_PRETS,27650473.648
37,036,2025,T2_PERSONNEL,6592120.0
37,036,2025,T3_BIENS_SERVICES,4592842.0
37,036,2025,T4_TRANSFERTS,37836751.0
37,036,2025,T5_INVESTISSEMENT_RESSOURCES_INTERIEURES,20552562.0
37,036,2025,T5_INVESTISSEMENT_DONS,9866831.0
37,036,2025,T5_INVESTISSEMENT_PRETS,34078389.077
37,036,2026,T2_PERSONNEL,4424232.722
37,036,2026,T3_BIENS_SERVICES,4529844.515
37,036,2026,T4_TRANSFERTS,37828550.624
37,036,2026,T5_INVESTISSEMENT_RESSOURCES_INTERIEURES,23482214.817
37,036,2026,T5_INVESTISSEMENT_DONS,4933028.312
37,036,2026,T5_INVESTISSEMENT_PRETS,35205129.547
37,036,2027,T2_PERSONNEL,4579225.0
37,036,2027,T3_BIENS_SERVICES,4529845.0
37,036,2027,T4_TRANSFERTS,37828551.0
37,036,2027,T5_INVESTISSEMENT_RESSOURCES_INTERIEURES,30029959.0
37,036,2027,T5_INVESTISSEMENT_DONS,4823311.0
37,036,2027,T5_INVESTISSEMENT_PRETS,38376320.0
37,036,2028,T2_PERSONNEL,4735194.0
37,036,2028,T3_BIENS_SERVICES,4529840.0
37,036,2028,T4_TRANSFERTS,37828551.0
37,036,2028,T5_INVESTISSEMENT_RESSOURCES_INTERIEURES,34582677.0
37,036,2028,T5_INVESTISSEMENT_DONS,1950000.0
37,036,2028,T5_INVESTISSEMENT_PRETS,36489772.0
38,037,2022,T2_PERSONNEL,388083.014
38,037,2022,T3_BIENS_SERVICES,133759.083
38,037,2022,T5_INVESTISSEMENT_RESSOURCES_INTERIEURES,2942404.731
38,037,2023,T2_PERSONNEL,409312.108
38,037,2023,T3_BIENS_SERVICES,204569.682
38,037,2023,T5_INVESTISSEMENT_RESSOURCES_INTERIEURES,1497586.053
38,037,2023,T5_INVESTISSEMENT_DONS,128833.0
38,037,2023,T5_INVESTISSEMENT_PRETS,51707.236
38,037,2024,T2_PERSONNEL,1330779.765
38,037,2024,T3_BIENS_SERVICES,208805.866
38,037,2024,T5_INVESTISSEMENT_RESSOURCES_INTERIEURES,3705825.024
38,037,2024,T5_INVESTISSEMENT_DONS,615410.999
38,037,2024,T5_INVESTISSEMENT_PRETS,40245.161
38,037,2025,T2_PERSONNEL,507992.0
38,037,2025,T3_BIENS_SERVICES,442370.0
38,037,2025,T4_TRANSFERTS,150000.0
38,037,2025,T5_INVESTISSEMENT_RESSOURCES_INTERIEURES,6434777.0
38,037,2025,T5_INVESTISSEMENT_DONS,1116972.0
38,037,2025,T5_INVESTISSEMENT_PRETS,6340798.205
38,037,2026,T2_PERSONNEL,381789.691
38,037,2026,T3_BIENS_SERVICES,457370.0
38,037,2026,T4_TRANSFERTS,1050000.0
38,037,2026,T5_INVESTISSEMENT_RESSOURCES_INTERIEURES,7048974.148
38,037,2026,T5_INVESTISSEMENT_DONS,1116971.688
38,037,2026,T5_INVESTISSEMENT_PRETS,8197315.734
38,037,2027,T2_PERSONNEL,394461.0
38,037,2027,T3_BIENS_SERVICES,457370.0
38,037,2027,T4_TRANSFERTS,1050000.0
38,037,2027,T5_INVESTISSEMENT_RESSOURCES_INTERIEURES,5671351.0
38,037,2027,T5_INVESTISSEMENT_DONS,696688.0
38,037,2027,T5_INVESTISSEMENT_PRETS,8197316.0
38,037,2028,T2_PERSONNEL,407213.0
38,037,2028,T3_BIENS_SERVICES,457370.0
38,037,2028,T4_TRANSFERTS,1050000.0
38,037,2028,T5_INVESTISSEMENT_RESSOURCES_INTERIEURES,8143272.0
38,037,2028,T5_INVESTISSEMENT_DONS,200000.0
38,037,2028,T5_INVESTISSEMENT_PRETS,5849217.0
39,038,2022,T2_PERSONNEL,597861.278
39,038,2022,T3_BIENS_SERVICES,136613.86
39,038,2022,T5_INVESTISSEMENT_RESSOURCES_INTERIEURES,2384185.165
39,038,2023,T3_BIENS_SERVICES,145036.767
39,038,2023,T5_INVESTISSEMENT_RESSOURCES_INTERIEURES,1719593.373
39,038,2024,T2_PERSONNEL,232704.914
39,038,2024,T3_BIENS_SERVICES,167053.189
39,038,2024,T5_INVESTISSEMENT_RESSOURCES_INTERIEURES,1822054.338
39,038,2025,T2_PERSONNEL,494078.0
39,038,2025,T3_BIENS_SERVICES,513144.0
39,038,2025,T4_TRANSFERTS,50000.0
39,038,2025,T5_INVESTISSEMENT_RESSOURCES_INTERIEURES,5199314.0
39,038,2025,T5_INVESTISSEMENT_PRETS,1597554.719
39,038,2026,T2_PERSONNEL,294262.179
39,038,2026,T3_BIENS_SERVICES,523144.0
39,038,2026,T4_TRANSFERTS,50000.0
39,038,2026,T5_INVESTISSEMENT_RESSOURCES_INTERIEURES,5323694.566
39,038,2026,T5_INVESTISSEMENT_PRETS,1597554.719
39,038,2027,T2_PERSONNEL,304735.0
39,038,2027,T3_BIENS_SERVICES,523144.0
39,038,2027,T4_TRANSFERTS,50000.0
39,038,2027,T5_INVESTISSEMENT_RESSOURCES_INTERIEURES,6586605.0
39,038,2027,T5_INVESTISSEMENT_PRETS,926365.0
39,038,2028,T2_PERSONNEL,315275.0
39,038,2028,T3_BIENS_SERVICES,523144.0
39,038,2028,T4_TRANSFERTS,50000.0
39,038,2028,T5_INVESTISSEMENT_RESSOURCES_INTERIEURES,7598653.0
39,038,2028,T5_INVESTISSEMENT_PRETS,661010.0
41,039,2022,T2_PERSONNEL,1023152.587
41,039,2022,T3_BIENS_SERVICES,1800291.806
41,039,2022,T4_TRANSFERTS,53150.0
41,039,2022,T5_INVESTISSEMENT_RESSOURCES_INTERIEURES,484400.0
41,039,2023,T2_PERSONNEL,1925686.789
41,039,2023,T3_BIENS_SERVICES,1712191.704
41,039,2023,T4_TRANSFERTS,30000.0
41,039,2023,T5_INVESTISSEMENT_RESSOURCES_INTERIEURES,607092.845
41,039,2024,T2_PERSONNEL,831814.342
41,039,2024,T3_BIENS_SERVICES,1114122.145
41,039,2024,T5_INVESTISSEMENT_RESSOURCES_INTERIEURES,912078.215
41,039,2025,T2_PERSONNEL,1182243.0
41,039,2025,T3_BIENS_SERVICES,1549004.0
41,039,2025,T5_INVESTISSEMENT_RESSOURCES_INTERIEURES,114200.0
41,039,2026,T2_PERSONNEL,1135323.897
41,039,2026,T3_BIENS_SERVICES,1518123.754
41,039,2026,T5_INVESTISSEMENT_RESSOURCES_INTERIEURES,30030.0
41,039,2027,T2_PERSONNEL,1162956.0
41,039,2027,T3_BIENS_SERVICES,1518124.0
41,039,2028,T2_PERSONNEL,1207110.0
41,039,2028,T3_BIENS_SERVICES,1518124.0
42,040,2022,T2_PERSONNEL,259429.684
42,040,2022,T3_BIENS_SERVICES,105865.069
42,040,2022,T4_TRANSFERTS,14490000.0
42,040,2022,T5_INVESTISSEMENT_RESSOURCES_INTERIEURES,20046000.0
42,040,2022,T5_INVESTISSEMENT_RESSOURCES_EXTERIEURES,13257765.13
42,040,2023,T2_PERSONNEL,257592.517
42,040,2023,T3_BIENS_SERVICES,53085.33
42,040,2023,T4_TRANSFERTS,20867600.936
42,040,2023,T5_INVESTISSEMENT_RESSOURCES_INTERIEURES,23510000.0
42,040,2024,T2_PERSONNEL,173294.014
42,040,2024,T3_BIENS_SERVICES,205658.0
42,040,2024,T4_TRANSFERTS,24516050.24
42,040,2024,T5_INVESTISSEMENT_RESSOURCES_INTERIEURES,15543400.0
42,040,2025,T2_PERSONNEL,145690.0
42,040,2025,T3_BIENS_SERVICES,216420.0
42,040,2025,T4_TRANSFERTS,24368850.0
42,040,2025,T5_INVESTISSEMENT_RESSOURCES_INTERIEURES,13503493.0
42,040,2025,T5_INVESTISSEMENT_DONS,8920555.0
42,040,2026,T2_PERSONNEL,127580.904
42,040,2026,T3_BIENS_SERVICES,226504.0
42,040,2026,T4_TRANSFERTS,24368850.03
42,040,2026,T5_INVESTISSEMENT_RESSOURCES_INTERIEURES,24594755.333
42,040,2027,T2_PERSONNEL,130686.0
42,040,2027,T3_BIENS_SERVICES,226504.0
42,040,2027,T4_TRANSFERTS,24368850.0
42,040,2027,T5_INVESTISSEMENT_RESSOURCES_INTERIEURES,26244898.0
42,040,2028,T2_PERSONNEL,135648.0
42,040,2028,T3_BIENS_SERVICES,226504.0
42,040,2028,T4_TRANSFERTS,24368850.0
42,040,2028,T5_INVESTISSEMENT_RESSOURCES_INTERIEURES,45616932.0
43,041,2022,T2_PERSONNEL,555748.8
43,041,2022,T3_BIENS_SERVICES,871962.655
43,041,2022,T4_TRANSFERTS,543311.24
43,041,2023,T2_PERSONNEL,326851.268
43,041,2023,T3_BIENS_SERVICES,819148.916
43,041,2023,T4_TRANSFERTS,872396.479
43,041,2024,T2_PERSONNEL,1294532.387
43,041,2024,T3_BIENS_SERVICES,1715027.471
43,041,2025,T2_PERSONNEL,1347877.0
43,041,2025,T3_BIENS_SERVICES,2104651.0
43,041,2026,T2_PERSONNEL,1167590.092
43,041,2026,T3_BIENS_SERVICES,2125447.216
43,041,2027,T2_PERSONNEL,1196007.0
43,041,2027,T3_BIENS_SERVICES,2125447.0
43,041,2028,T2_PERSONNEL,1241416.0
43,041,2028,T3_BIENS_SERVICES,2125447.0
45,042,2022,T2_PERSONNEL,1791310.639
45,042,2022,T3_BIENS_SERVICES,2191783.642
45,042,2022,T4_TRANSFERTS,27754.68
45,042,2022,T5_INVESTISSEMENT_RESSOURCES_INTERIEURES,117321.722
45,042,2023,T2_PERSONNEL,1726491.428
45,042,2023,T3_BIENS_SERVICES,1443104.761
45,042,2023,T4_TRANSFERTS,27820.912
45,042,2023,T5_INVESTISSEMENT_RESSOURCES_INTERIEURES,9789.7
45,042,2024,T2_PERSONNEL,2016644.278
45,042,2024,T3_BIENS_SERVICES,1701834.145
45,042,2024,T4_TRANSFERTS,42968.898
45,042,2024,T5_INVESTISSEMENT_RESSOURCES_INTERIEURES,35917.874
45,042,2025,T2_PERSONNEL,2028804.0
45,042,2025,T3_BIENS_SERVICES,3222096.0
45,042,2025,T4_TRANSFERTS,46000.0
45,042,2025,T5_INVESTISSEMENT_RESSOURCES_INTERIEURES,100000.0
45,042,2026,T2_PERSONNEL,2015450.439
45,042,2026,T3_BIENS_SERVICES,3272096.0
45,042,2026,T4_TRANSFERTS,46000.0
45,042,2026,T5_INVESTISSEMENT_RESSOURCES_INTERIEURES,100000.0
45,042,2027,T2_PERSONNEL,2078639.0
45,042,2027,T3_BIENS_SERVICES,3272096.0
45,042,2027,T4_TRANSFERTS,46000.0
45,042,2027,T5_INVESTISSEMENT_RESSOURCES_INTERIEURES,100000.0
45,042,2028,T2_PERSONNEL,2144845.0
45,042,2028,T3_BIENS_SERVICES,3272094.0
45,042,2028,T4_TRANSFERTS,46000.0
45,042,2028,T5_INVESTISSEMENT_RESSOURCES_INTERIEURES,100000.0
46,043,2022,T2_PERSONNEL,6718.196
46,043,2022,T3_BIENS_SERVICES,337974.878
46,043,2022,T4_TRANSFERTS,100000.0
46,043,2022,T5_INVESTISSEMENT_RESSOURCES_EXTERIEURES,1000000.0
46,043,2023,T2_PERSONNEL,288626.987
46,043,2023,T3_BIENS_SERVICES,103087.968
46,043,2023,T4_TRANSFERTS,75000.0
46,043,2024,T2_PERSONNEL,224512.87
46,043,2024,T3_BIENS_SERVICES,256040.201
46,043,2025,T2_PERSONNEL,300435.0
46,043,2025,T3_BIENS_SERVICES,485669.0
46,043,2026,T2_PERSONNEL,291826.495
46,043,2026,T3_BIENS_SERVICES,455669.0
46,043,2027,T2_PERSONNEL,299679.0
46,043,2027,T3_BIENS_SERVICES,455669.0
46,043,2028,T2_PERSONNEL,307907.0
46,043,2028,T3_BIENS_SERVICES,455669.0
47,044,2022,T2_PERSONNEL,222530.97
47,044,2022,T3_BIENS_SERVICES,281778.93
47,044,2023,T2_PERSONNEL,827004.009
47,044,2023,T3_BIENS_SERVICES,241381.025
47,044,2023,T5_INVESTISSEMENT_RESSOURCES_INTERIEURES,209268.117
47,044,2024,T2_PERSONNEL,735070.619
47,044,2024,T3_BIENS_SERVICES,345556.21
47,044,2024,T5_INVESTISSEMENT_RESSOURCES_INTERIEURES,338113.537
47,044,2025,T2_PERSONNEL,935408.0
47,044,2025,T3_BIENS_SERVICES,677030.0
47,044,2025,T5_INVESTISSEMENT_RESSOURCES_INTERIEURES,200000.0
47,044,2026,T2_PERSONNEL,922724.024
47,044,2026,T3_BIENS_SERVICES,657030.0
47,044,2026,T5_INVESTISSEMENT_RESSOURCES_INTERIEURES,200000.0
47,044,2027,T2_PERSONNEL,953060.0
47,044,2027,T3_BIENS_SERVICES,657030.0
47,044,2027,T5_INVESTISSEMENT_RESSOURCES_INTERIEURES,200000.0
47,044,2028,T2_PERSONNEL,984844.0
47,044,2028,T3_BIENS_SERVICES,657030.0
47,044,2028,T5_INVESTISSEMENT_RESSOURCES_INTERIEURES,200000.0
49,046,2022,T2_PERSONNEL,2498755.608
49,046,2022,T3_BIENS_SERVICES,368718.613
49,046,2022,T4_TRANSFERTS,7056162.849
49,046,2022,T5_INVESTISSEMENT_RESSOURCES_INTERIEURES,519548.328
49,046,2022,T5_INVESTISSEMENT_RESSOURCES_EXTERIEURES,15026513.605
49,046,2023,T2_PERSONNEL,10248752.306
49,046,2023,T3_BIENS_SERVICES,58472.737
49,046,2023,T4_TRANSFERTS,6426076.5
49,046,2023,T5_INVESTISSEMENT_RESSOURCES_INTERIEURES,1238650.803
49,046,2023,T5_INVESTISSEMENT_DONS,195623.087
49,046,2023,T5_INVESTISSEMENT_PRETS,13045764.12
49,046,2024,T2_PERSONNEL,5481801.064
49,046,2024,T3_BIENS_SERVICES,128815.0
49,046,2024,T4_TRANSFERTS,10930257.0
49,046,2024,T5_INVESTISSEMENT_RESSOURCES_INTERIEURES,5256556.767
49,046,2024,T5_INVESTISSEMENT_PRETS,2288855.735
49,046,2025,T2_PERSONNEL,71300.0
49,046,2025,T3_BIENS_SERVICES,215000.0
49,046,2025,T4_TRANSFERTS,11624760.0
49,046,2025,T5_INVESTISSEMENT_RESSOURCES_INTERIEURES,8740000.0
49,046,2026,T2_PERSONNEL,83859.111
49,046,2026,T3_BIENS_SERVICES,215000.0
49,046,2026,T4_TRANSFERTS,14299500.529
49,046,2026,T5_INVESTISSEMENT_RESSOURCES_INTERIEURES,7120000.0
49,046,2027,T2_PERSONNEL,87140.0
49,046,2027,T3_BIENS_SERVICES,215000.0
49,046,2027,T4_TRANSFERTS,16624760.0
49,046,2027,T5_INVESTISSEMENT_RESSOURCES_INTERIEURES,6140000.0
49,046,2028,T2_PERSONNEL,90446.0
49,046,2028,T3_BIENS_SERVICES,215000.0
49,046,2028,T4_TRANSFERTS,16624760.0
49,046,2028,T5_INVESTISSEMENT_RESSOURCES_INTERIEURES,7940000.0
50,047,2022,T2_PERSONNEL,561479.008
50,047,2022,T3_BIENS_SERVICES,71135.22
50,047,2022,T4_TRANSFERTS,9716865.42
50,047,2022,T5_INVESTISSEMENT_RESSOURCES_INTERIEURES,8542744.805
50,047,2022,T5_INVESTISSEMENT_RESSOURCES_EXTERIEURES,49706119.13
50,047,2023,T2_PERSONNEL,332911.222
50,047,2023,T3_BIENS_SERVICES,181405.63
50,047,2023,T4_TRANSFERTS,14095120.459
50,047,2023,T5_INVESTISSEMENT_RESSOURCES_INTERIEURES,8556330.58
50,047,2023,T5_INVESTISSEMENT_PRETS,13967987.575
50,047,2024,T2_PERSONNEL,496707.394
50,047,2024,T3_BIENS_SERVICES,211051.25
50,047,2024,T4_TRANSFERTS,16581808.962
50,047,2024,T5_INVESTISSEMENT_RESSOURCES_INTERIEURES,4262669.5
50,047,2024,T5_INVESTISSEMENT_PRETS,16995064.476
50,047,2025,T2_PERSONNEL,167240.0
50,047,2025,T3_BIENS_SERVICES,249000.0
50,047,2025,T4_TRANSFERTS,19343719.0
50,047,2025,T5_INVESTISSEMENT_RESSOURCES_INTERIEURES,8960000.0
50,047,2025,T5_INVESTISSEMENT_PRETS,15179000.0
50,047,2026,T2_PERSONNEL,92570.724
50,047,2026,T3_BIENS_SERVICES,358000.0
50,047,2026,T4_TRANSFERTS,25443719.21
50,047,2026,T5_INVESTISSEMENT_RESSOURCES_INTERIEURES,22853587.977
50,047,2026,T5_INVESTISSEMENT_PRETS,54599084.815
50,047,2027,T2_PERSONNEL,96279.0
50,047,2027,T3_BIENS_SERVICES,249000.0
50,047,2027,T4_TRANSFERTS,23343720.0
50,047,2027,T5_INVESTISSEMENT_RESSOURCES_INTERIEURES,45113338.0
50,047,2027,T5_INVESTISSEMENT_PRETS,72550500.0
50,047,2028,T2_PERSONNEL,100011.0
50,047,2028,T3_BIENS_SERVICES,249000.0
50,047,2028,T4_TRANSFERTS,23343720.0
50,047,2028,T5_INVESTISSEMENT_RESSOURCES_INTERIEURES,54645369.0
50,047,2028,T5_INVESTISSEMENT_PRETS,76334000.0
51,045,2022,T2_PERSONNEL,29195095.95
51,045,2022,T3_BIENS_SERVICES,7950827.354
51,045,2022,T4_TRANSFERTS,6273597.135
51,045,2022,T5_INVESTISSEMENT_RESSOURCES_INTERIEURES,545017.763
51,045,2023,T2_PERSONNEL,32503592.86
51,045,2023,T3_BIENS_SERVICES,5497085.605
51,045,2023,T4_TRANSFERTS,6603829.546
51,045,2023,T5_INVESTISSEMENT_RESSOURCES_INTERIEURES,530675.427
51,045,2023,T5_INVESTISSEMENT_DONS,2126892.939
51,045,2024,T2_PERSONNEL,35480638.343
51,045,2024,T3_BIENS_SERVICES,6513412.143
51,045,2024,T4_TRANSFERTS,8168404.26
51,045,2024,T5_INVESTISSEMENT_RESSOURCES_INTERIEURES,486712.104
51,045,2024,T5_INVESTISSEMENT_PRETS,7927240.041
51,045,2025,T2_PERSONNEL,46830921.0
51,045,2025,T3_BIENS_SERVICES,10222567.0
51,045,2025,T4_TRANSFERTS,6761768.0
51,045,2025,T5_INVESTISSEMENT_RESSOURCES_INTERIEURES,1300000.0
51,045,2025,T5_INVESTISSEMENT_DONS,1130192.0
51,045,2025,T5_INVESTISSEMENT_PRETS,19316000.0
51,045,2026,T2_PERSONNEL,46376590.793
51,045,2026,T3_BIENS_SERVICES,10484359.72
51,045,2026,T4_TRANSFERTS,7616235.341
51,045,2026,T5_INVESTISSEMENT_RESSOURCES_INTERIEURES,1300000.0
51,045,2026,T5_INVESTISSEMENT_PRETS,7212000.0
51,045,2027,T2_PERSONNEL,47999899.0
51,045,2027,T3_BIENS_SERVICES,10222566.0
51,045,2027,T4_TRANSFERTS,7761763.0
51,045,2027,T5_INVESTISSEMENT_RESSOURCES_INTERIEURES,1300000.0
51,045,2028,T2_PERSONNEL,49633485.0
51,045,2028,T3_BIENS_SERVICES,10222547.0
51,045,2028,T4_TRANSFERTS,7761768.0
51,045,2028,T5_INVESTISSEMENT_RESSOURCES_INTERIEURES,1300000.0
53,054,2022,T2_PERSONNEL,3678360.558
53,054,2022,T3_BIENS_SERVICES,1291204.18
53,054,2022,T4_TRANSFERTS,429611.564
53,054,2022,T5_INVESTISSEMENT_RESSOURCES_INTERIEURES,159674.5
53,054,2023,T2_PERSONNEL,1055937.416
53,054,2023,T3_BIENS_SERVICES,1715802.054
53,054,2023,T4_TRANSFERTS,596282.854
53,054,2024,T2_PERSONNEL,981864.657
53,054,2024,T3_BIENS_SERVICES,2763829.269
53,054,2024,T4_TRANSFERTS,352400.0
53,054,2025,T2_PERSONNEL,1562408.0
53,054,2025,T3_BIENS_SERVICES,3718670.0
53,054,2025,T4_TRANSFERTS,680566.0
53,054,2026,T2_PERSONNEL,1503283.624
53,054,2026,T3_BIENS_SERVICES,3751670.445
53,054,2026,T4_TRANSFERTS,647565.943
53,054,2027,T2_PERSONNEL,1652821.0
53,054,2027,T3_BIENS_SERVICES,3610208.0
53,054,2027,T4_TRANSFERTS,724800.0
53,054,2028,T2_PERSONNEL,1700021.0
53,054,2028,T3_BIENS_SERVICES,3610208.0
53,054,2028,T4_TRANSFERTS,724800.0
54,055,2022,T2_PERSONNEL,24326373.203
54,055,2022,T3_BIENS_SERVICES,842631.905
54,055,2022,T4_TRANSFERTS,4752000.0
54,055,2022,T5_INVESTISSEMENT_RESSOURCES_INTERIEURES,11630722.35
54,055,2022,T5_INVESTISSEMENT_RESSOURCES_EXTERIEURES,2442513.913
54,055,2023,T2_PERSONNEL,33435886.279
54,055,2023,T3_BIENS_SERVICES,816923.862
54,055,2023,T4_TRANSFERTS,9428910.823
54,055,2023,T5_INVESTISSEMENT_RESSOURCES_INTERIEURES,12018692.578
54,055,2023,T5_INVESTISSEMENT_DONS,117348.595
54,055,2023,T5_INVESTISSEMENT_PRETS,1884356.639
54,055,2024,T2_PERSONNEL,32187708.651
54,055,2024,T3_BIENS_SERVICES,797103.028
54,055,2024,T4_TRANSFERTS,4352000.0
54,055,2024,T5_INVESTISSEMENT_RESSOURCES_INTERIEURES,8029628.466
54,055,2024,T5_INVESTISSEMENT_DONS,234969.729
54,055,2024,T5_INVESTISSEMENT_PRETS,409865.412
54,055,2025,T2_PERSONNEL,37851533.0
54,055,2025,T3_BIENS_SERVICES,1177157.0
54,055,2025,T4_TRANSFERTS,4617000.0
54,055,2025,T5_INVESTISSEMENT_RESSOURCES_INTERIEURES,14224371.0
54,055,2025,T5_INVESTISSEMENT_PRETS,11254000.0
54,055,2026,T2_PERSONNEL,40202172.599
54,055,2026,T3_BIENS_SERVICES,1102157.0
54,055,2026,T4_TRANSFERTS,4617000.0
54,055,2026,T5_INVESTISSEMENT_RESSOURCES_INTERIEURES,18225570.949
54,055,2027,T2_PERSONNEL,45205134.0
54,055,2027,T3_BIENS_SERVICES,1466385.0
54,055,2027,T4_TRANSFERTS,4317000.0
54,055,2027,T5_INVESTISSEMENT_RESSOURCES_INTERIEURES,18566174.0
54,055,2028,T2_PERSONNEL,46784299.0
54,055,2028,T3_BIENS_SERVICES,1466385.0
54,055,2028,T4_TRANSFERTS,4317000.0
54,055,2028,T5_INVESTISSEMENT_RESSOURCES_INTERIEURES,33992541.0
55,056,2022,T2_PERSONNEL,135204.834
55,056,2022,T3_BIENS_SERVICES,45713.513
55,056,2022,T4_TRANSFERTS,675000.0
55,056,2023,T2_PERSONNEL,339612.545
55,056,2023,T3_BIENS_SERVICES,43936.152
55,056,2023,T4_TRANSFERTS,620000.0
55,056,2024,T2_PERSONNEL,360225.85
55,056,2024,T3_BIENS_SERVICES,36974.116
55,056,2024,T4_TRANSFERTS,337500.0
55,056,2025,T2_PERSONNEL,414632.0
55,056,2025,T3_BIENS_SERVICES,56900.0
55,056,2025,T4_TRANSFERTS,675000.0
55,056,2026,T2_PERSONNEL,372448.697
55,056,2026,T3_BIENS_SERVICES,131900.0
55,056,2026,T4_TRANSFERTS,675000.0
55,056,2027,T2_PERSONNEL,427732.0
55,056,2027,T3_BIENS_SERVICES,131900.0
55,056,2027,T4_TRANSFERTS,675000.0
55,056,2028,T2_PERSONNEL,445182.0
55,056,2028,T3_BIENS_SERVICES,131900.0
55,056,2028,T4_TRANSFERTS,675000.0
56,057,2022,T2_PERSONNEL,32916.166
56,057,2022,T3_BIENS_SERVICES,59493.526
56,057,2022,T4_TRANSFERTS,12545123.486
56,057,2022,T5_INVESTISSEMENT_RESSOURCES_INTERIEURES,212406.85
56,057,2023,T2_PERSONNEL,176310.244
56,057,2023,T3_BIENS_SERVICES,122952.98
56,057,2023,T4_TRANSFERTS,13178490.913
56,057,2023,T5_INVESTISSEMENT_RESSOURCES_INTERIEURES,200906.85
56,057,2023,T5_INVESTISSEMENT_PRETS,35682.093
56,057,2024,T2_PERSONNEL,155520.164
56,057,2024,T3_BIENS_SERVICES,100508.45
56,057,2024,T4_TRANSFERTS,16692291.74
56,057,2025,T2_PERSONNEL,153215.0
56,057,2025,T3_BIENS_SERVICES,178500.0
56,057,2025,T4_TRANSFERTS,16900000.0
56,057,2025,T5_INVESTISSEMENT_RESSOURCES_INTERIEURES,250000.0
56,057,2026,T2_PERSONNEL,154637.661
56,057,2026,T3_BIENS_SERVICES,178500.0
56,057,2026,T4_TRANSFERTS,16900000.0
56,057,2027,T2_PERSONNEL,177153.0
56,057,2027,T3_BIENS_SERVICES,178500.0
56,057,2027,T4_TRANSFERTS,16900000.0
56,057,2028,T2_PERSONNEL,184260.0
56,057,2028,T3_BIENS_SERVICES,178500.0
56,057,2028,T4_TRANSFERTS,16900000.0
58,058,2022,T2_PERSONNEL,65957341.945
58,058,2022,T3_BIENS_SERVICES,4198046.582
58,058,2022,T4_TRANSFERTS,335000.0
58,058,2023,T2_PERSONNEL,73793198.418
58,058,2023,T3_BIENS_SERVICES,4249157.656
58,058,2023,T4_TRANSFERTS,688657.633
58,058,2024,T2_PERSONNEL,73041639.81
58,058,2024,T3_BIENS_SERVICES,4184112.97
58,058,2024,T4_TRANSFERTS,1313486.335
58,058,2025,T2_PERSONNEL,88779127.0
58,058,2025,T3_BIENS_SERVICES,5615547.0
58,058,2025,T4_TRANSFERTS,700000.0
58,058,2026,T2_PERSONNEL,83326109.413
58,058,2026,T3_BIENS_SERVICES,5705997.935
58,058,2026,T4_TRANSFERTS,350000.0
58,058,2027,T2_PERSONNEL,91066642.0
58,058,2027,T3_BIENS_SERVICES,5705996.0
58,058,2027,T4_TRANSFERTS,350000.0
58,058,2028,T2_PERSONNEL,98011904.0
58,058,2028,T3_BIENS_SERVICES,5705997.0
58,058,2028,T4_TRANSFERTS,350000.0
59,059,2022,T2_PERSONNEL,6213449.886
59,059,2022,T3_BIENS_SERVICES,12605351.465
59,059,2022,T4_TRANSFERTS,3142617.0
59,059,2022,T5_INVESTISSEMENT_RESSOURCES_INTERIEURES,100000.0
59,059,2022,T5_INVESTISSEMENT_RESSOURCES_EXTERIEURES,2400638.01
59,059,2023,T2_PERSONNEL,2716593.0
59,059,2023,T3_BIENS_SERVICES,22188450.019
59,059,2023,T4_TRANSFERTS,3330982.999
59,059,2023,T5_INVESTISSEMENT_RESSOURCES_INTERIEURES,1485000.0
59,059,2024,T2_PERSONNEL,2608672.862
59,059,2024,T3_BIENS_SERVICES,28485711.518
59,059,2024,T4_TRANSFERTS,3555467.499
59,059,2024,T5_INVESTISSEMENT_RESSOURCES_INTERIEURES,2085000.0
59,059,2024,T5_INVESTISSEMENT_PRETS,1144339.366
59,059,2025,T2_PERSONNEL,2885371.0
59,059,2025,T3_BIENS_SERVICES,20926290.0
59,059,2025,T4_TRANSFERTS,7388047.0
59,059,2025,T5_INVESTISSEMENT_RESSOURCES_INTERIEURES,2085000.0
59,059,2025,T5_INVESTISSEMENT_PRETS,5500000.0
59,059,2026,T2_PERSONNEL,2863626.672
59,059,2026,T3_BIENS_SERVICES,24080929.065
59,059,2026,T4_TRANSFERTS,4412957.0
59,059,2026,T5_INVESTISSEMENT_RESSOURCES_INTERIEURES,1085000.0
59,059,2027,T2_PERSONNEL,2863627.0
59,059,2027,T3_BIENS_SERVICES,20905839.0
59,059,2027,T4_TRANSFERTS,6412957.0
59,059,2027,T5_INVESTISSEMENT_RESSOURCES_INTERIEURES,2085000.0
59,059,2028,T2_PERSONNEL,2863627.0
59,059,2028,T3_BIENS_SERVICES,20905830.0
59,059,2028,T4_TRANSFERTS,6412957.0
60,060,2022,T2_PERSONNEL,2235338.936
60,060,2022,T3_BIENS_SERVICES,1103833.65
60,060,2022,T4_TRANSFERTS,1496324.75
60,060,2022,T5_INVESTISSEMENT_RESSOURCES_INTERIEURES,13822839.0
60,060,2022,T5_INVESTISSEMENT_RESSOURCES_EXTERIEURES,606757.401
60,060,2023,T2_PERSONNEL,2569147.53
60,060,2023,T3_BIENS_SERVICES,1029618.997
60,060,2023,T4_TRANSFERTS,1382436.0
60,060,2023,T5_INVESTISSEMENT_RESSOURCES_INTERIEURES,20963515.0
60,060,2023,T5_INVESTISSEMENT_PRETS,1048381.497
60,060,2024,T2_PERSONNEL,3671574.194
60,060,2024,T3_BIENS_SERVICES,1144512.024
60,060,2024,T4_TRANSFERTS,1568615.84
60,060,2024,T5_INVESTISSEMENT_RESSOURCES_INTERIEURES,24481646.0
60,060,2024,T5_INVESTISSEMENT_DONS,151433.647
60,060,2024,T5_INVESTISSEMENT_PRETS,923972.765
60,060,2025,T2_PERSONNEL,3150805.0
60,060,2025,T3_BIENS_SERVICES,1319669.0
60,060,2025,T4_TRANSFERTS,1684816.0
60,060,2025,T5_INVESTISSEMENT_RESSOURCES_INTERIEURES,18182370.0
60,060,2025,T5_INVESTISSEMENT_DONS,7379073.0
60,060,2025,T5_INVESTISSEMENT_PRETS,24689000.0
60,060,2026,T2_PERSONNEL,3655728.669
60,060,2026,T3_BIENS_SERVICES,1249669.0
60,060,2026,T4_TRANSFERTS,1784816.0
60,060,2026,T5_INVESTISSEMENT_RESSOURCES_INTERIEURES,28986707.636
60,060,2026,T5_INVESTISSEMENT_DONS,28936009.36
60,060,2026,T5_INVESTISSEMENT_PRETS,123962131.742
60,060,2027,T2_PERSONNEL,3655729.0
60,060,2027,T3_BIENS_SERVICES,1249669.0
60,060,2027,T4_TRANSFERTS,2959906.0
60,060,2027,T5_INVESTISSEMENT_RESSOURCES_INTERIEURES,45562274.0
60,060,2027,T5_INVESTISSEMENT_DONS,18120931.0
60,060,2027,T5_INVESTISSEMENT_PRETS,72448986.0
60,060,2028,T2_PERSONNEL,3655729.0
60,060,2028,T3_BIENS_SERVICES,1249669.0
60,060,2028,T4_TRANSFERTS,2959906.0
60,060,2028,T5_INVESTISSEMENT_RESSOURCES_INTERIEURES,49508976.0
60,060,2028,T5_INVESTISSEMENT_DONS,9714119.0
60,060,2028,T5_INVESTISSEMENT_PRETS,14766431.0
61,061,2022,T3_BIENS_SERVICES,136255.307
61,061,2022,T4_TRANSFERTS,121140.0
61,061,2023,T2_PERSONNEL,4432775.48
61,061,2023,T3_BIENS_SERVICES,132181.329
61,061,2023,T4_TRANSFERTS,125140.0
61,061,2024,T2_PERSONNEL,186740.0
61,061,2024,T3_BIENS_SERVICES,175581.85
61,061,2024,T4_TRANSFERTS,144115.0
61,061,2025,T2_PERSONNEL,127766.0
61,061,2025,T3_BIENS_SERVICES,237074.0
61,061,2025,T4_TRANSFERTS,185540.0
61,061,2026,T2_PERSONNEL,179958.021
61,061,2026,T3_BIENS_SERVICES,237074.0
61,061,2026,T4_TRANSFERTS,235540.0
61,061,2027,T2_PERSONNEL,196638.0
61,061,2027,T3_BIENS_SERVICES,237074.0
61,061,2027,T4_TRANSFERTS,235540.0
61,061,2028,T2_PERSONNEL,211605.0
61,061,2028,T3_BIENS_SERVICES,237074.0
61,061,2028,T4_TRANSFERTS,235540.0
63,062,2022,T2_PERSONNEL,102257216.521
63,062,2022,T3_BIENS_SERVICES,7326277.263
63,062,2022,T4_TRANSFERTS,73851.915
63,062,2022,T5_INVESTISSEMENT_RESSOURCES_INTERIEURES,7335.667
63,062,2023,T2_PERSONNEL,118732611.391
63,062,2023,T3_BIENS_SERVICES,12744927.21
63,062,2023,T4_TRANSFERTS,200000.0
63,062,2024,T2_PERSONNEL,128454921.074
63,062,2024,T3_BIENS_SERVICES,18458228.621
63,062,2024,T4_TRANSFERTS,634331.0
63,062,2025,T2_PERSONNEL,145574800.0
63,062,2025,T3_BIENS_SERVICES,17844952.0
63,062,2025,T4_TRANSFERTS,303500.0
63,062,2026,T2_PERSONNEL,134783906.0
63,062,2026,T3_BIENS_SERVICES,18074601.0
63,062,2026,T4_TRANSFERTS,300000.0
63,062,2027,T2_PERSONNEL,143141701.0
63,062,2027,T3_BIENS_SERVICES,17981287.0
63,062,2027,T4_TRANSFERTS,290000.0
63,062,2028,T2_PERSONNEL,154787484.0
63,062,2028,T3_BIENS_SERVICES,17981287.0
63,062,2028,T4_TRANSFERTS,290000.0
64,063,2022,T2_PERSONNEL,3689534.678
64,063,2022,T3_BIENS_SERVICES,232422.295
64,063,2022,T4_TRANSFERTS,21768710.0
64,063,2022,T5_INVESTISSEMENT_RESSOURCES_INTERIEURES,7422880.615
64,063,2022,T5_INVESTISSEMENT_RESSOURCES_EXTERIEURES,9146625.415
64,063,2023,T2_PERSONNEL,286326.341
64,063,2023,T3_BIENS_SERVICES,245628.522
64,063,2023,T4_TRANSFERTS,21831935.0
64,063,2023,T5_INVESTISSEMENT_RESSOURCES_INTERIEURES,3218963.347
64,063,2023,T5_INVESTISSEMENT_PRETS,48806.943
64,063,2024,T2_PERSONNEL,286326.0
64,063,2024,T3_BIENS_SERVICES,239516.084
64,063,2024,T4_TRANSFERTS,35247114.711
64,063,2024,T5_INVESTISSEMENT_RESSOURCES_INTERIEURES,2144821.776
64,063,2025,T2_PERSONNEL,568946.0
64,063,2025,T3_BIENS_SERVICES,276389.0
64,063,2025,T4_TRANSFERTS,35442045.0
64,063,2025,T5_INVESTISSEMENT_RESSOURCES_INTERIEURES,6973200.0
64,063,2026,T2_PERSONNEL,459791.0
64,063,2026,T3_BIENS_SERVICES,339589.0
64,063,2026,T4_TRANSFERTS,39445545.0
64,063,2026,T5_INVESTISSEMENT_RESSOURCES_INTERIEURES,7473200.0
64,063,2027,T2_PERSONNEL,489110.0
64,063,2027,T3_BIENS_SERVICES,335889.0
64,063,2027,T4_TRANSFERTS,39455545.0
64,063,2027,T5_INVESTISSEMENT_RESSOURCES_INTERIEURES,8171860.0
64,063,2028,T2_PERSONNEL,517447.0
64,063,2028,T3_BIENS_SERVICES,335889.0
64,063,2028,T4_TRANSFERTS,39455545.0
64,063,2028,T5_INVESTISSEMENT_RESSOURCES_INTERIEURES,8880453.0
65,064,2022,T2_PERSONNEL,3083887.3
65,064,2022,T3_BIENS_SERVICES,1770845.631
65,064,2022,T4_TRANSFERTS,125000.0
65,064,2023,T2_PERSONNEL,4457233.411
65,064,2023,T3_BIENS_SERVICES,3274545.272
65,064,2023,T4_TRANSFERTS,360000.0
65,064,2024,T2_PERSONNEL,3596404.171
65,064,2024,T3_BIENS_SERVICES,4280488.351
65,064,2024,T4_TRANSFERTS,360000.0
65,064,2025,T2_PERSONNEL,4311584.0
65,064,2025,T3_BIENS_SERVICES,4531201.0
65,064,2025,T4_TRANSFERTS,360000.0
65,064,2026,T2_PERSONNEL,4594235.0
65,064,2026,T3_BIENS_SERVICES,4238352.0
65,064,2026,T4_TRANSFERTS,360000.0
65,064,2027,T2_PERSONNEL,4579106.0
65,064,2027,T3_BIENS_SERVICES,4014290.0
65,064,2027,T4_TRANSFERTS,360000.0
65,064,2028,T2_PERSONNEL,996690.0
65,064,2028,T3_BIENS_SERVICES,3697766.0
65,064,2028,T4_TRANSFERTS,360000.0
66,102,2022,T5_INVESTISSEMENT_RESSOURCES_EXTERIEURES,1554280.0
66,102,2023,T5_INVESTISSEMENT_DONS,4142300.0
68,100,2022,T2_PERSONNEL,794200.0
68,100,2022,T3_BIENS_SERVICES,990800.0
68,100,2023,T2_PERSONNEL,761260.909
68,100,2023,T3_BIENS_SERVICES,724043.85
68,100,2023,T4_TRANSFERTS,153968.781
68,100,2024,T2_PERSONNEL,797738.512
68,100,2024,T3_BIENS_SERVICES,916690.807
68,100,2024,T4_TRANSFERTS,121551.5
68,100,2025,T2_PERSONNEL,971107.0
68,100,2025,T3_BIENS_SERVICES,1267393.0
68,100,2025,T4_TRANSFERTS,163217.0
68,100,2026,T2_PERSONNEL,917628.0
68,100,2026,T3_BIENS_SERVICES,1120282.0
68,100,2026,T4_TRANSFERTS,146325.0
68,100,2027,T2_PERSONNEL,942864.0
68,100,2027,T3_BIENS_SERVICES,1120281.0
68,100,2027,T4_TRANSFERTS,146325.0
68,100,2028,T2_PERSONNEL,977057.0
68,100,2028,T3_BIENS_SERVICES,1120282.0
68,100,2028,T4_TRANSFERTS,146325.0
70,104,2022,T2_PERSONNEL,12600.0
70,104,2022,T5_INVESTISSEMENT_RESSOURCES_INTERIEURES,1154880.0
70,104,2022,T5_INVESTISSEMENT_RESSOURCES_EXTERIEURES,1872166.86
71,109,2022,T2_PERSONNEL,70700.0
71,109,2022,T4_TRANSFERTS,4151600.0
71,109,2022,T5_INVESTISSEMENT_RESSOURCES_INTERIEURES,82600.0
71,109,2023,T2_PERSONNEL,79728.069
71,109,2023,T4_TRANSFERTS,5856123.624
71,109,2023,T5_INVESTISSEMENT_RESSOURCES_INTERIEURES,10769193.237
71,109,2024,T2_PERSONNEL,23276.542
71,109,2024,T3_BIENS_SERVICES,53978.071
71,109,2024,T4_TRANSFERTS,5228592.125
71,109,2024,T5_INVESTISSEMENT_RESSOURCES_INTERIEURES,304781.584
71,109,2025,T2_PERSONNEL,55765.0
71,109,2025,T3_BIENS_SERVICES,505223.0
71,109,2025,T4_TRANSFERTS,6026533.0
71,109,2025,T5_INVESTISSEMENT_RESSOURCES_INTERIEURES,3615870.0
71,109,2026,T2_PERSONNEL,45478.0
71,109,2026,T3_BIENS_SERVICES,156500.0
71,109,2026,T4_TRANSFERTS,7252260.0
71,109,2026,T5_INVESTISSEMENT_RESSOURCES_INTERIEURES,5227411.054
71,109,2027,T2_PERSONNEL,47141.0
71,109,2027,T3_BIENS_SERVICES,156500.0
71,109,2027,T4_TRANSFERTS,7252259.0
71,109,2027,T5_INVESTISSEMENT_RESSOURCES_INTERIEURES,7425805.0
71,109,2028,T2_PERSONNEL,49394.0
71,109,2028,T3_BIENS_SERVICES,156500.0
71,109,2028,T4_TRANSFERTS,7252259.0
71,109,2028,T5_INVESTISSEMENT_RESSOURCES_INTERIEURES,5514263.0
72,106,2022,T2_PERSONNEL,45900.0
72,106,2022,T4_TRANSFERTS,17700.0
72,106,2022,T5_INVESTISSEMENT_RESSOURCES_INTERIEURES,749279.118
73,111,2022,T5_INVESTISSEMENT_RESSOURCES_INTERIEURES,297000.0
73,111,2023,T2_PERSONNEL,88772.861
73,111,2023,T5_INVESTISSEMENT_RESSOURCES_INTERIEURES,3521471.76
73,111,2023,T5_INVESTISSEMENT_PRETS,10889427.748
73,111,2024,T2_PERSONNEL,31121.969
73,111,2024,T5_INVESTISSEMENT_RESSOURCES_INTERIEURES,4558982.198
73,111,2024,T5_INVESTISSEMENT_PRETS,9873959.683
73,111,2025,T2_PERSONNEL,81645.0
73,111,2025,T3_BIENS_SERVICES,69000.0
73,111,2025,T5_INVESTISSEMENT_RESSOURCES_INTERIEURES,6236213.0
73,111,2025,T5_INVESTISSEMENT_PRETS,10042000.0
73,111,2026,T2_PERSONNEL,79938.0
73,111,2026,T3_BIENS_SERVICES,56000.0
73,111,2026,T5_INVESTISSEMENT_RESSOURCES_INTERIEURES,5736213.0
73,111,2026,T5_INVESTISSEMENT_PRETS,6500000.0
73,111,2027,T2_PERSONNEL,82404.0
73,111,2027,T3_BIENS_SERVICES,56000.0
73,111,2027,T5_INVESTISSEMENT_RESSOURCES_INTERIEURES,6979000.0
73,111,2028,T2_PERSONNEL,85744.0
73,111,2028,T3_BIENS_SERVICES,56000.0
73,111,2028,T5_INVESTISSEMENT_RESSOURCES_INTERIEURES,7979000.0
75,068,2022,T2_PERSONNEL,494877.17
75,068,2022,T3_BIENS_SERVICES,1269116.149
75,068,2022,T4_TRANSFERTS,112329.316
75,068,2023,T2_PERSONNEL,575257.071
75,068,2023,T3_BIENS_SERVICES,1035382.116
75,068,2023,T4_TRANSFERTS,71067.041
76,069,2022,T2_PERSONNEL,439453.91
76,069,2022,T3_BIENS_SERVICES,423563.471
76,069,2022,T4_TRANSFERTS,34469.5
76,069,2022,T5_INVESTISSEMENT_RESSOURCES_INTERIEURES,146082207.53
76,069,2022,T5_INVESTISSEMENT_RESSOURCES_EXTERIEURES,38066112.365
76,069,2023,T2_PERSONNEL,563092.095
76,069,2023,T3_BIENS_SERVICES,395024.493
76,069,2023,T4_TRANSFERTS,29440.0
76,069,2023,T5_INVESTISSEMENT_RESSOURCES_INTERIEURES,142219823.15
76,069,2023,T5_INVESTISSEMENT_DONS,88446.601
76,069,2023,T5_INVESTISSEMENT_PRETS,51822482.918
77,070,2022,T2_PERSONNEL,58697.661
77,070,2022,T3_BIENS_SERVICES,17866.05
77,070,2023,T2_PERSONNEL,86333.381
77,070,2023,T3_BIENS_SERVICES,15420.0
78,071,2022,T2_PERSONNEL,34924.701
78,071,2022,T3_BIENS_SERVICES,17895.5
78,071,2023,T2_PERSONNEL,47008.497
78,071,2023,T3_BIENS_SERVICES,19168.25
78,071,2023,T4_TRANSFERTS,4311.234
78,071,2023,T5_INVESTISSEMENT_RESSOURCES_INTERIEURES,4350000.0
79,072,2022,T2_PERSONNEL,43829.537
79,072,2022,T4_TRANSFERTS,280000.0
79,072,2022,T5_INVESTISSEMENT_RESSOURCES_INTERIEURES,10552627.242
79,072,2023,T2_PERSONNEL,6501.966
79,072,2023,T4_TRANSFERTS,280000.0
79,072,2023,T5_INVESTISSEMENT_RESSOURCES_INTERIEURES,7995790.21
81,073,2022,T2_PERSONNEL,921482.774
81,073,2022,T3_BIENS_SERVICES,729409.183
81,073,2022,T5_INVESTISSEMENT_RESSOURCES_INTERIEURES,118774.3
81,073,2023,T2_PERSONNEL,647201.007
81,073,2023,T3_BIENS_SERVICES,766253.24
81,073,2024,T2_PERSONNEL,537131.051
81,073,2024,T3_BIENS_SERVICES,710156.19
81,073,2025,T2_PERSONNEL,740253.0
81,073,2025,T3_BIENS_SERVICES,1150672.0
81,073,2026,T2_PERSONNEL,692669.337
81,073,2026,T3_BIENS_SERVICES,1149673.0
81,073,2027,T2_PERSONNEL,719354.0
81,073,2027,T3_BIENS_SERVICES,1149673.0
81,073,2028,T2_PERSONNEL,743432.0
81,073,2028,T3_BIENS_SERVICES,1149672.0
82,074,2022,T2_PERSONNEL,126324.331
82,074,2022,T3_BIENS_SERVICES,36843.798
82,074,2022,T4_TRANSFERTS,339000.0
82,074,2023,T2_PERSONNEL,152985.331
82,074,2023,T3_BIENS_SERVICES,32899.104
82,074,2023,T4_TRANSFERTS,300000.0
82,074,2024,T2_PERSONNEL,128649.024
82,074,2024,T3_BIENS_SERVICES,33815.922
82,074,2024,T4_TRANSFERTS,360000.0
82,074,2025,T2_PERSONNEL,58215.0
82,074,2025,T3_BIENS_SERVICES,106376.0
82,074,2025,T4_TRANSFERTS,360000.0
82,074,2026,T2_PERSONNEL,59794.333
82,074,2026,T3_BIENS_SERVICES,106376.0
82,074,2026,T4_TRANSFERTS,360000.0
82,074,2026,T5_INVESTISSEMENT_RESSOURCES_INTERIEURES,780000.0
82,074,2027,T2_PERSONNEL,62350.0
82,074,2027,T3_BIENS_SERVICES,106376.0
82,074,2027,T4_TRANSFERTS,360000.0
82,074,2027,T5_INVESTISSEMENT_RESSOURCES_INTERIEURES,520000.0
82,074,2028,T2_PERSONNEL,64655.0
82,074,2028,T3_BIENS_SERVICES,106376.0
82,074,2028,T4_TRANSFERTS,360000.0
83,075,2022,T2_PERSONNEL,147755.081
83,075,2022,T3_BIENS_SERVICES,324236.284
83,075,2022,T5_INVESTISSEMENT_RESSOURCES_INTERIEURES,151627.675
83,075,2023,T2_PERSONNEL,552299.874
83,075,2023,T3_BIENS_SERVICES,333096.795
83,075,2023,T5_INVESTISSEMENT_RESSOURCES_INTERIEURES,126946.242
83,075,2024,T2_PERSONNEL,439911.681
83,075,2024,T3_BIENS_SERVICES,344271.387
83,075,2024,T4_TRANSFERTS,500000.0
83,075,2024,T5_INVESTISSEMENT_RESSOURCES_INTERIEURES,344917.281
83,075,2025,T2_PERSONNEL,560869.0
83,075,2025,T3_BIENS_SERVICES,394858.0
83,075,2025,T4_TRANSFERTS,2500000.0
83,075,2025,T5_INVESTISSEMENT_RESSOURCES_INTERIEURES,472940.0
83,075,2026,T2_PERSONNEL,410759.301
83,075,2026,T3_BIENS_SERVICES,395857.0
83,075,2026,T4_TRANSFERTS,4500000.0
83,075,2026,T5_INVESTISSEMENT_RESSOURCES_INTERIEURES,472940.0
83,075,2027,T2_PERSONNEL,427670.0
83,075,2027,T3_BIENS_SERVICES,395857.0
83,075,2027,T4_TRANSFERTS,4500000.0
83,075,2027,T5_INVESTISSEMENT_RESSOURCES_INTERIEURES,472940.0
83,075,2028,T2_PERSONNEL,442928.0
83,075,2028,T3_BIENS_SERVICES,395857.0
83,075,2028,T4_TRANSFERTS,4500000.0
83,075,2028,T5_INVESTISSEMENT_RESSOURCES_INTERIEURES,472940.0
85,078,2022,T2_PERSONNEL,1055800.0
85,078,2022,T3_BIENS_SERVICES,1132100.0
85,078,2022,T5_INVESTISSEMENT_RESSOURCES_INTERIEURES,12714900.0
85,078,2023,T2_PERSONNEL,795655.14
85,078,2023,T3_BIENS_SERVICES,418453.946
85,078,2023,T4_TRANSFERTS,185308.0
85,078,2023,T5_INVESTISSEMENT_RESSOURCES_INTERIEURES,1072521.062
86,079,2022,T2_PERSONNEL,408000.0
86,079,2022,T3_BIENS_SERVICES,37400.0
86,079,2022,T4_TRANSFERTS,180000.0
86,079,2022,T5_INVESTISSEMENT_RESSOURCES_INTERIEURES,18454100.0
86,079,2022,T5_INVESTISSEMENT_RESSOURCES_EXTERIEURES,43187345.121
86,079,2023,T2_PERSONNEL,2254.617
86,079,2023,T3_BIENS_SERVICES,80500.0
86,079,2023,T4_TRANSFERTS,90000.0
86,079,2023,T5_INVESTISSEMENT_RESSOURCES_INTERIEURES,14130325.383
86,079,2023,T5_INVESTISSEMENT_DONS,3209587.12
86,079,2023,T5_INVESTISSEMENT_PRETS,70529997.545
88,114,2022,T2_PERSONNEL,660200.0
88,114,2022,T3_BIENS_SERVICES,757800.0
88,114,2022,T5_INVESTISSEMENT_RESSOURCES_INTERIEURES,1745000.0
88,114,2023,T2_PERSONNEL,1281654.077
88,114,2023,T3_BIENS_SERVICES,835765.312
88,114,2023,T5_INVESTISSEMENT_RESSOURCES_INTERIEURES,1064034.777
88,114,2024,T2_PERSONNEL,1356998.608
88,114,2024,T3_BIENS_SERVICES,1530138.936
88,114,2024,T4_TRANSFERTS,67888.759
88,114,2024,T5_INVESTISSEMENT_RESSOURCES_INTERIEURES,1478698.832
88,114,2025,T2_PERSONNEL,1988211.0
88,114,2025,T3_BIENS_SERVICES,2585664.0
88,114,2025,T4_TRANSFERTS,240204.0
88,114,2025,T5_INVESTISSEMENT_RESSOURCES_INTERIEURES,4601779.0
88,114,2026,T2_PERSONNEL,1766079.867
88,114,2026,T3_BIENS_SERVICES,2994764.0
88,114,2026,T4_TRANSFERTS,173840.0
88,114,2026,T5_INVESTISSEMENT_RESSOURCES_INTERIEURES,5000000.0
88,114,2027,T2_PERSONNEL,1814725.0
88,114,2027,T3_BIENS_SERVICES,2994763.0
88,114,2027,T4_TRANSFERTS,173840.0
88,114,2027,T5_INVESTISSEMENT_RESSOURCES_INTERIEURES,2500000.0
88,114,2028,T2_PERSONNEL,1864736.0
88,114,2028,T3_BIENS_SERVICES,2994763.0
88,114,2028,T4_TRANSFERTS,173840.0
89,115,2022,T2_PERSONNEL,141000.0
89,115,2022,T3_BIENS_SERVICES,10500.0
89,115,2022,T4_TRANSFERTS,182200.0
89,115,2022,T5_INVESTISSEMENT_RESSOURCES_INTERIEURES,29446800.0
89,115,2022,T5_INVESTISSEMENT_RESSOURCES_EXTERIEURES,40498563.183
89,115,2023,T2_PERSONNEL,103572.17
89,115,2023,T3_BIENS_SERVICES,22200.0
89,115,2023,T4_TRANSFERTS,1065330.0
89,115,2023,T5_INVESTISSEMENT_RESSOURCES_INTERIEURES,26128773.52
89,115,2023,T5_INVESTISSEMENT_DONS,11300769.291
89,115,2023,T5_INVESTISSEMENT_PRETS,10451544.474
89,115,2024,T2_PERSONNEL,3903880.415
89,115,2024,T3_BIENS_SERVICES,117950.0
89,115,2024,T4_TRANSFERTS,2176913.5
89,115,2024,T5_INVESTISSEMENT_RESSOURCES_INTERIEURES,31832459.479
89,115,2024,T5_INVESTISSEMENT_DONS,5763434.111
89,115,2024,T5_INVESTISSEMENT_PRETS,1504770.118
89,115,2025,T2_PERSONNEL,4412844.0
89,115,2025,T3_BIENS_SERVICES,153000.0
89,115,2025,T4_TRANSFERTS,2545656.0
89,115,2025,T5_INVESTISSEMENT_RESSOURCES_INTERIEURES,29089814.0
89,115,2025,T5_INVESTISSEMENT_DONS,5573169.0
89,115,2025,T5_INVESTISSEMENT_PRETS,8647000.0
89,115,2026,T2_PERSONNEL,4115766.311
89,115,2026,T3_BIENS_SERVICES,445000.0
89,115,2026,T4_TRANSFERTS,2832656.0
89,115,2026,T5_INVESTISSEMENT_RESSOURCES_INTERIEURES,31599648.8
89,115,2026,T5_INVESTISSEMENT_DONS,500000.0
89,115,2026,T5_INVESTISSEMENT_PRETS,2500000.0
89,115,2027,T2_PERSONNEL,4230709.0
89,115,2027,T3_BIENS_SERVICES,445000.0
89,115,2027,T4_TRANSFERTS,2832656.0
89,115,2027,T5_INVESTISSEMENT_RESSOURCES_INTERIEURES,27508456.0
89,115,2028,T2_PERSONNEL,4348836.0
89,115,2028,T3_BIENS_SERVICES,445000.0
89,115,2028,T4_TRANSFERTS,2832656.0
89,115,2028,T5_INVESTISSEMENT_RESSOURCES_INTERIEURES,20563495.0
90,084,2022,T2_PERSONNEL,3364000.0
90,084,2022,T3_BIENS_SERVICES,148400.0
90,084,2022,T4_TRANSFERTS,829300.0
90,084,2022,T5_INVESTISSEMENT_RESSOURCES_INTERIEURES,1447100.0
90,084,2022,T5_INVESTISSEMENT_RESSOURCES_EXTERIEURES,4535429.336
90,084,2023,T2_PERSONNEL,3790820.419
90,084,2023,T3_BIENS_SERVICES,76000.0
90,084,2023,T4_TRANSFERTS,900341.0
90,084,2023,T5_INVESTISSEMENT_RESSOURCES_INTERIEURES,1327771.704
90,084,2023,T5_INVESTISSEMENT_DONS,12455572.155
90,084,2023,T5_INVESTISSEMENT_PRETS,491630.91
91,088,2022,T2_PERSONNEL,147900.0
91,088,2022,T3_BIENS_SERVICES,25400.0
91,088,2022,T4_TRANSFERTS,715900.0
91,088,2022,T5_INVESTISSEMENT_RESSOURCES_INTERIEURES,81382100.0
91,088,2022,T5_INVESTISSEMENT_RESSOURCES_EXTERIEURES,48880501.067
91,088,2023,T2_PERSONNEL,108960.845
91,088,2023,T3_BIENS_SERVICES,24000.0
91,088,2023,T4_TRANSFERTS,424267.25
91,088,2023,T5_INVESTISSEMENT_RESSOURCES_INTERIEURES,110267305.923
91,088,2023,T5_INVESTISSEMENT_DONS,1090207.75
91,088,2023,T5_INVESTISSEMENT_PRETS,71696288.632
91,088,2024,T2_PERSONNEL,302583.394
91,088,2024,T3_BIENS_SERVICES,27600.0
91,088,2024,T4_TRANSFERTS,555875.0
91,088,2024,T5_INVESTISSEMENT_RESSOURCES_INTERIEURES,60338012.511
91,088,2024,T5_INVESTISSEMENT_DONS,73692.997
91,088,2024,T5_INVESTISSEMENT_PRETS,73104908.3
91,088,2025,T2_PERSONNEL,161877.0
91,088,2025,T3_BIENS_SERVICES,36600.0
91,088,2025,T4_TRANSFERTS,575875.0
91,088,2025,T5_INVESTISSEMENT_RESSOURCES_INTERIEURES,61515308.0
91,088,2025,T5_INVESTISSEMENT_PRETS,28470257.999
91,088,2026,T2_PERSONNEL,134561.886
91,088,2026,T3_BIENS_SERVICES,41600.0
91,088,2026,T4_TRANSFERTS,695875.0
91,088,2026,T5_INVESTISSEMENT_RESSOURCES_INTERIEURES,60892648.828
91,088,2026,T5_INVESTISSEMENT_PRETS,42485755.524
91,088,2027,T2_PERSONNEL,138525.0
91,088,2027,T3_BIENS_SERVICES,41600.0
91,088,2027,T4_TRANSFERTS,695845.0
91,088,2027,T5_INVESTISSEMENT_RESSOURCES_INTERIEURES,63580306.0
91,088,2027,T5_INVESTISSEMENT_PRETS,82043648.0
91,088,2028,T2_PERSONNEL,142599.0
91,088,2028,T3_BIENS_SERVICES,41600.0
91,088,2028,T4_TRANSFERTS,695875.0
91,088,2028,T5_INVESTISSEMENT_RESSOURCES_INTERIEURES,103991666.0
91,088,2028,T5_INVESTISSEMENT_PRETS,62627819.0
92,116,2024,T2_PERSONNEL,381774.193
92,116,2024,T3_BIENS_SERVICES,140384.0
92,116,2024,T4_TRANSFERTS,455866.64
92,116,2024,T5_INVESTISSEMENT_RESSOURCES_INTERIEURES,146450674.546
92,116,2024,T5_INVESTISSEMENT_DONS,253449.842
92,116,2024,T5_INVESTISSEMENT_PRETS,22030417.608
92,116,2025,T2_PERSONNEL,286918.0
92,116,2025,T3_BIENS_SERVICES,448212.0
92,116,2025,T4_TRANSFERTS,392000.0
92,116,2025,T5_INVESTISSEMENT_RESSOURCES_INTERIEURES,102842011.0
92,116,2025,T5_INVESTISSEMENT_DONS,1879996.0
92,116,2025,T5_INVESTISSEMENT_PRETS,28645000.0
92,116,2026,T2_PERSONNEL,248805.301
92,116,2026,T3_BIENS_SERVICES,482212.0
92,116,2026,T4_TRANSFERTS,2125000.0
92,116,2026,T5_INVESTISSEMENT_RESSOURCES_INTERIEURES,111721888.417
92,116,2026,T5_INVESTISSEMENT_DONS,610000.0
92,116,2026,T5_INVESTISSEMENT_PRETS,46197161.0
92,116,2027,T2_PERSONNEL,255786.0
92,116,2027,T3_BIENS_SERVICES,482212.0
92,116,2027,T4_TRANSFERTS,2125000.0
92,116,2027,T5_INVESTISSEMENT_RESSOURCES_INTERIEURES,144578610.0
92,116,2027,T5_INVESTISSEMENT_PRETS,110410991.0
92,116,2028,T2_PERSONNEL,262964.0
92,116,2028,T3_BIENS_SERVICES,482212.0
92,116,2028,T4_TRANSFERTS,2125000.0
92,116,2028,T5_INVESTISSEMENT_RESSOURCES_INTERIEURES,238972477.0
92,116,2028,T5_INVESTISSEMENT_PRETS,175933199.0
93,089,2022,T2_PERSONNEL,54700.0
93,089,2022,T3_BIENS_SERVICES,5300.0
93,089,2022,T4_TRANSFERTS,29800.0
93,089,2022,T5_INVESTISSEMENT_RESSOURCES_INTERIEURES,16670600.0
93,089,2022,T5_INVESTISSEMENT_RESSOURCES_EXTERIEURES,7019061.491
93,089,2023,T2_PERSONNEL,91774.954
93,089,2023,T3_BIENS_SERVICES,21000.0
93,089,2023,T4_TRANSFERTS,209812.5
93,089,2023,T5_INVESTISSEMENT_RESSOURCES_INTERIEURES,35991190.238
93,089,2024,T2_PERSONNEL,156376.599
93,089,2024,T3_BIENS_SERVICES,22500.0
93,089,2024,T4_TRANSFERTS,289750.0
93,089,2024,T5_INVESTISSEMENT_RESSOURCES_INTERIEURES,128108687.975
93,089,2024,T5_INVESTISSEMENT_PRETS,2559488.491
93,089,2025,T2_PERSONNEL,180944.0
93,089,2025,T3_BIENS_SERVICES,35000.0
93,089,2025,T4_TRANSFERTS,76425.0
93,089,2025,T5_INVESTISSEMENT_RESSOURCES_INTERIEURES,55552111.0
93,089,2025,T5_INVESTISSEMENT_PRETS,18945000.0
93,089,2026,T2_PERSONNEL,181342.468
93,089,2026,T3_BIENS_SERVICES,35000.0
93,089,2026,T5_INVESTISSEMENT_RESSOURCES_INTERIEURES,85886056.763
93,089,2026,T5_INVESTISSEMENT_PRETS,52098396.228
93,089,2027,T2_PERSONNEL,186449.0
93,089,2027,T3_BIENS_SERVICES,35000.0
93,089,2027,T5_INVESTISSEMENT_RESSOURCES_INTERIEURES,114001471.0
93,089,2027,T5_INVESTISSEMENT_PRETS,11675120.0
93,089,2028,T2_PERSONNEL,191700.0
93,089,2028,T3_BIENS_SERVICES,35000.0
93,089,2028,T5_INVESTISSEMENT_RESSOURCES_INTERIEURES,124749002.0
93,089,2028,T5_INVESTISSEMENT_PRETS,13779740.0
95,099,2022,T2_PERSONNEL,432300.0
95,099,2022,T3_BIENS_SERVICES,850000.0
95,099,2022,T4_TRANSFERTS,227000.0
95,099,2023,T2_PERSONNEL,383647.393
95,099,2023,T3_BIENS_SERVICES,959399.657
95,099,2023,T4_TRANSFERTS,150000.0
95,099,2024,T2_PERSONNEL,301950.001
95,099,2024,T3_BIENS_SERVICES,978125.385
95,099,2024,T4_TRANSFERTS,19500.0
95,099,2025,T2_PERSONNEL,474397.0
95,099,2025,T3_BIENS_SERVICES,1458606.0
95,099,2025,T4_TRANSFERTS,304000.0
95,099,2026,T2_PERSONNEL,430821.27
95,099,2026,T3_BIENS_SERVICES,1294648.0
95,099,2026,T4_TRANSFERTS,339384.0
95,099,2027,T2_PERSONNEL,445278.0
95,099,2027,T3_BIENS_SERVICES,1294648.0
95,099,2027,T4_TRANSFERTS,339384.0
95,099,2028,T2_PERSONNEL,458404.0
95,099,2028,T3_BIENS_SERVICES,1294648.0
95,099,2028,T4_TRANSFERTS,339380.0
96,091,2022,T2_PERSONNEL,169100.0
96,091,2022,T3_BIENS_SERVICES,690300.0
96,091,2022,T4_TRANSFERTS,4850900.0
96,091,2022,T5_INVESTISSEMENT_RESSOURCES_INTERIEURES,25109900.0
96,091,2023,T2_PERSONNEL,510588.166
96,091,2023,T3_BIENS_SERVICES,715732.056
96,091,2023,T4_TRANSFERTS,4500050.813
96,091,2023,T5_INVESTISSEMENT_RESSOURCES_INTERIEURES,23042998.542
96,091,2024,T2_PERSONNEL,462780.557
96,091,2024,T3_BIENS_SERVICES,823776.774
96,091,2024,T4_TRANSFERTS,7969403.508
96,091,2024,T5_INVESTISSEMENT_RESSOURCES_INTERIEURES,31800521.246
96,091,2025,T2_PERSONNEL,398569.0
96,091,2025,T3_BIENS_SERVICES,966857.0
96,091,2025,T4_TRANSFERTS,4052055.0
96,091,2025,T5_INVESTISSEMENT_RESSOURCES_INTERIEURES,23423409.0
96,091,2026,T2_PERSONNEL,364895.972
96,091,2026,T3_BIENS_SERVICES,1038493.0
96,091,2026,T4_TRANSFERTS,4107055.0
96,091,2026,T5_INVESTISSEMENT_RESSOURCES_INTERIEURES,22846818.685
96,091,2027,T2_PERSONNEL,378521.0
96,091,2027,T3_BIENS_SERVICES,1038493.0
96,091,2027,T4_TRANSFERTS,4107055.0
96,091,2027,T5_INVESTISSEMENT_RESSOURCES_INTERIEURES,23307814.0
96,091,2028,T2_PERSONNEL,390892.0
96,091,2028,T3_BIENS_SERVICES,1038493.0
96,091,2028,T4_TRANSFERTS,4107055.0
96,091,2028,T5_INVESTISSEMENT_RESSOURCES_INTERIEURES,13081400.0
97,092,2022,T2_PERSONNEL,5100.0
97,092,2022,T3_BIENS_SERVICES,66800.0
97,092,2022,T4_TRANSFERTS,683500.0
97,092,2022,T5_INVESTISSEMENT_RESSOURCES_INTERIEURES,170000.0
97,092,2023,T2_PERSONNEL,22474.746
97,092,2023,T3_BIENS_SERVICES,53333.0
97,092,2023,T4_TRANSFERTS,416500.0
97,092,2023,T5_INVESTISSEMENT_RESSOURCES_INTERIEURES,470000.0
97,092,2024,T2_PERSONNEL,32272.196
97,092,2024,T3_BIENS_SERVICES,68650.828
97,092,2024,T4_TRANSFERTS,50710.0
97,092,2024,T5_INVESTISSEMENT_RESSOURCES_INTERIEURES,500000.0
97,092,2025,T2_PERSONNEL,42592.0
97,092,2025,T3_BIENS_SERVICES,150407.0
97,092,2025,T4_TRANSFERTS,44400.0
97,092,2025,T5_INVESTISSEMENT_RESSOURCES_INTERIEURES,500000.0
97,092,2026,T2_PERSONNEL,31201.497
97,092,2026,T3_BIENS_SERVICES,152345.0
97,092,2026,T4_TRANSFERTS,44400.0
97,092,2027,T2_PERSONNEL,32318.0
97,092,2027,T3_BIENS_SERVICES,152345.0
97,092,2027,T4_TRANSFERTS,44400.0
97,092,2028,T2_PERSONNEL,33333.0
97,092,2028,T3_BIENS_SERVICES,152345.0
97,092,2028,T4_TRANSFERTS,44400.0
98,117,2025,T4_TRANSFERTS,3000000.0
98,117,2026,T4_TRANSFERTS,3000000.0
98,117,2027,T4_TRANSFERTS,3000000.0
98,117,2028,T4_TRANSFERTS,3000000.0
100,048,2022,T2_PERSONNEL,81092.476
100,048,2022,T3_BIENS_SERVICES,5436326.999
100,048,2022,T4_TRANSFERTS,269991.241
100,048,2022,T5_INVESTISSEMENT_RESSOURCES_INTERIEURES,226760.971
100,048,2023,T2_PERSONNEL,227512.879
100,048,2023,T3_BIENS_SERVICES,1277023.956
100,048,2023,T4_TRANSFERTS,130000.0
100,048,2023,T5_INVESTISSEMENT_RESSOURCES_INTERIEURES,16264237.55
100,048,2024,T2_PERSONNEL,232301.75
100,048,2024,T3_BIENS_SERVICES,1475985.639
100,048,2024,T4_TRANSFERTS,412702.359
100,048,2024,T5_INVESTISSEMENT_RESSOURCES_INTERIEURES,15977429.624
100,048,2025,T2_PERSONNEL,500000.0
100,048,2025,T3_BIENS_SERVICES,1603849.0
100,048,2025,T4_TRANSFERTS,241668.0
100,048,2025,T5_INVESTISSEMENT_RESSOURCES_INTERIEURES,21737228.0
100,048,2026,T2_PERSONNEL,500000.0
100,048,2026,T3_BIENS_SERVICES,1853848.5
100,048,2026,T4_TRANSFERTS,241667.5
100,048,2026,T5_INVESTISSEMENT_RESSOURCES_INTERIEURES,19374581.363
100,048,2027,T2_PERSONNEL,500000.0
100,048,2027,T3_BIENS_SERVICES,1853848.0
100,048,2027,T4_TRANSFERTS,241668.0
100,048,2027,T5_INVESTISSEMENT_RESSOURCES_INTERIEURES,18931745.0
100,048,2028,T2_PERSONNEL,500000.0
100,048,2028,T3_BIENS_SERVICES,1853847.0
100,048,2028,T4_TRANSFERTS,241668.0
100,048,2028,T5_INVESTISSEMENT_RESSOURCES_INTERIEURES,21013737.0
101,049,2022,T2_PERSONNEL,37422803.355
101,049,2022,T3_BIENS_SERVICES,4368325.392
101,049,2022,T4_TRANSFERTS,217000.0
101,049,2022,T5_INVESTISSEMENT_RESSOURCES_INTERIEURES,54549147.135
101,049,2023,T2_PERSONNEL,50264895.924
101,049,2023,T3_BIENS_SERVICES,17540251.072
101,049,2023,T4_TRANSFERTS,326000.0
101,049,2024,T2_PERSONNEL,53984286.479
101,049,2024,T3_BIENS_SERVICES,16163227.14
101,049,2024,T4_TRANSFERTS,440000.0
101,049,2025,T2_PERSONNEL,59211122.0
101,049,2025,T3_BIENS_SERVICES,33765336.0
101,049,2025,T4_TRANSFERTS,1071532.0
101,049,2026,T2_PERSONNEL,62776098.421
101,049,2026,T3_BIENS_SERVICES,18815336.0
101,049,2026,T4_TRANSFERTS,1071532.0
101,049,2027,T2_PERSONNEL,65932931.0
101,049,2027,T3_BIENS_SERVICES,18815336.0
101,049,2027,T4_TRANSFERTS,1071532.0
101,049,2028,T2_PERSONNEL,68431850.0
101,049,2028,T3_BIENS_SERVICES,18815336.0
101,049,2028,T4_TRANSFERTS,1071532.0
102,110,2022,T5_INVESTISSEMENT_RESSOURCES_EXTERIEURES,3023050.0
102,110,2023,T5_INVESTISSEMENT_PRETS,4383090.0
102,110,2024,T5_INVESTISSEMENT_PRETS,300700.0
102,110,2025,T2_PERSONNEL,1000000.0
102,110,2025,T3_BIENS_SERVICES,7000000.0
104,032,2022,T2_PERSONNEL,1293498.305
104,032,2022,T3_BIENS_SERVICES,1294140.027
104,032,2023,T2_PERSONNEL,2230394.031
104,032,2023,T3_BIENS_SERVICES,1516495.923
104,032,2023,T4_TRANSFERTS,211675.741
104,032,2024,T2_PERSONNEL,2136540.293
104,032,2024,T3_BIENS_SERVICES,1816563.717
104,032,2024,T4_TRANSFERTS,53259.49
104,032,2025,T2_PERSONNEL,2494331.0
104,032,2025,T3_BIENS_SERVICES,2532637.0
104,032,2025,T4_TRANSFERTS,56773.0
104,032,2026,T2_PERSONNEL,2559612.995
104,032,2026,T3_BIENS_SERVICES,2548006.8
104,032,2026,T4_TRANSFERTS,57403.2
104,032,2027,T2_PERSONNEL,2657020.0
104,032,2027,T3_BIENS_SERVICES,2548007.0
104,032,2027,T4_TRANSFERTS,57403.0
104,032,2028,T2_PERSONNEL,2754099.0
104,032,2028,T3_BIENS_SERVICES,2548007.0
104,032,2028,T4_TRANSFERTS,57402.0
105,033,2022,T2_PERSONNEL,172696.205
105,033,2022,T3_BIENS_SERVICES,642682.088
105,033,2022,T4_TRANSFERTS,14459826.059
105,033,2022,T5_INVESTISSEMENT_RESSOURCES_INTERIEURES,344637.767
105,033,2023,T2_PERSONNEL,340963.999
105,033,2023,T3_BIENS_SERVICES,638784.618
105,033,2023,T4_TRANSFERTS,627592.06
105,033,2023,T5_INVESTISSEMENT_RESSOURCES_INTERIEURES,2034103.573
105,033,2023,T5_INVESTISSEMENT_DONS,13426581.845
105,033,2023,T5_INVESTISSEMENT_PRETS,13224725.733
105,033,2024,T2_PERSONNEL,409254.77
105,033,2024,T3_BIENS_SERVICES,697116.183
105,033,2024,T4_TRANSFERTS,1257179.095
105,033,2024,T5_INVESTISSEMENT_RESSOURCES_INTERIEURES,14201557.318
105,033,2024,T5_INVESTISSEMENT_DONS,8540213.497
105,033,2024,T5_INVESTISSEMENT_PRETS,14894028.451
105,033,2025,T2_PERSONNEL,325479.0
105,033,2025,T3_BIENS_SERVICES,783268.0
105,033,2025,T4_TRANSFERTS,1694522.0
105,033,2025,T5_INVESTISSEMENT_RESSOURCES_INTERIEURES,15511068.0
105,033,2025,T5_INVESTISSEMENT_PRETS,2686000.0
105,033,2026,T2_PERSONNEL,296628.177
105,033,2026,T3_BIENS_SERVICES,949930.0
105,033,2026,T4_TRANSFERTS,1961860.0
105,033,2026,T5_INVESTISSEMENT_RESSOURCES_INTERIEURES,19511067.999
105,033,2027,T2_PERSONNEL,308532.0
105,033,2027,T3_BIENS_SERVICES,949930.0
105,033,2027,T4_TRANSFERTS,1961860.0
105,033,2027,T5_INVESTISSEMENT_RESSOURCES_INTERIEURES,16030173.0
105,033,2028,T2_PERSONNEL,320397.0
105,033,2028,T3_BIENS_SERVICES,949930.0
105,033,2028,T4_TRANSFERTS,1961860.0
105,033,2028,T5_INVESTISSEMENT_RESSOURCES_INTERIEURES,16030173.0
106,034,2022,T2_PERSONNEL,149674.707
106,034,2022,T3_BIENS_SERVICES,71314.59
106,034,2022,T4_TRANSFERTS,833720.0
106,034,2023,T2_PERSONNEL,50443.0
106,034,2023,T3_BIENS_SERVICES,43072.1
106,034,2023,T4_TRANSFERTS,258430.0
106,034,2024,T2_PERSONNEL,90443.337
106,034,2024,T3_BIENS_SERVICES,72256.468
106,034,2024,T4_TRANSFERTS,733720.0
106,034,2025,T2_PERSONNEL,60255.0
106,034,2025,T3_BIENS_SERVICES,105800.0
106,034,2025,T4_TRANSFERTS,733720.0
106,034,2026,T2_PERSONNEL,89514.004
106,034,2026,T3_BIENS_SERVICES,105800.0
106,034,2026,T4_TRANSFERTS,733720.0
106,034,2027,T2_PERSONNEL,92936.0
106,034,2027,T3_BIENS_SERVICES,105800.0
106,034,2027,T4_TRANSFERTS,733720.0
106,034,2028,T2_PERSONNEL,96347.0
106,034,2028,T3_BIENS_SERVICES,105800.0
106,034,2028,T4_TRANSFERTS,733720.0
108,050,2022,T2_PERSONNEL,136359.318
108,050,2022,T3_BIENS_SERVICES,515784.655
108,050,2022,T4_TRANSFERTS,5000.0
108,050,2022,T5_INVESTISSEMENT_RESSOURCES_INTERIEURES,89621.0
108,050,2023,T2_PERSONNEL,366662.612
108,050,2023,T3_BIENS_SERVICES,708007.988
108,050,2023,T4_TRANSFERTS,65000.0
108,050,2024,T2_PERSONNEL,337524.873
108,050,2024,T3_BIENS_SERVICES,870527.222
108,050,2024,T4_TRANSFERTS,10000.0
108,050,2025,T2_PERSONNEL,365910.0
108,050,2025,T3_BIENS_SERVICES,1192346.0
108,050,2025,T4_TRANSFERTS,310000.0
108,050,2026,T2_PERSONNEL,351447.92
108,050,2026,T3_BIENS_SERVICES,1042346.0
108,050,2026,T4_TRANSFERTS,628654.0
108,050,2027,T2_PERSONNEL,365803.0
108,050,2027,T3_BIENS_SERVICES,1042346.0
108,050,2027,T4_TRANSFERTS,628654.0
108,050,2028,T2_PERSONNEL,378020.0
108,050,2028,T3_BIENS_SERVICES,1042340.0
108,050,2028,T4_TRANSFERTS,628654.0
109,051,2022,T2_PERSONNEL,12333.847
109,051,2022,T3_BIENS_SERVICES,31256.766
109,051,2022,T4_TRANSFERTS,1500000.0
109,051,2022,T5_INVESTISSEMENT_RESSOURCES_EXTERIEURES,12059298.807
109,051,2023,T3_BIENS_SERVICES,39727.478
109,051,2023,T4_TRANSFERTS,2000000.0
109,051,2023,T5_INVESTISSEMENT_DONS,9721444.726
109,051,2023,T5_INVESTISSEMENT_PRETS,2763595.434
109,051,2024,T2_PERSONNEL,2000.0
109,051,2024,T3_BIENS_SERVICES,57186.29
109,051,2024,T4_TRANSFERTS,2047000.0
109,051,2025,T2_PERSONNEL,20636.0
109,051,2025,T3_BIENS_SERVICES,200000.0
109,051,2025,T4_TRANSFERTS,2000000.0
109,051,2025,T5_INVESTISSEMENT_DONS,1496847.0
109,051,2025,T5_INVESTISSEMENT_PRETS,6228000.0
109,051,2026,T2_PERSONNEL,23512.964
109,051,2026,T3_BIENS_SERVICES,250000.0
109,051,2026,T4_TRANSFERTS,2000000.0
109,051,2026,T5_INVESTISSEMENT_PRETS,6800000.0
109,051,2027,T2_PERSONNEL,24263.0
109,051,2027,T3_BIENS_SERVICES,250000.0
109,051,2027,T4_TRANSFERTS,2000000.0
109,051,2028,T2_PERSONNEL,24901.0
109,051,2028,T3_BIENS_SERVICES,250000.0
109,051,2028,T4_TRANSFERTS,2000000.0
110,052,2022,T2_PERSONNEL,305.0
110,052,2022,T3_BIENS_SERVICES,30954.444
110,052,2022,T4_TRANSFERTS,1303500.0
110,052,2023,T2_PERSONNEL,29364.392
110,052,2023,T3_BIENS_SERVICES,34527.903
110,052,2023,T4_TRANSFERTS,1870000.0
110,052,2024,T2_PERSONNEL,24696.016
110,052,2024,T3_BIENS_SERVICES,52731.231
110,052,2024,T4_TRANSFERTS,2700000.0
110,052,2025,T2_PERSONNEL,24105.0
110,052,2025,T3_BIENS_SERVICES,200000.0
110,052,2025,T4_TRANSFERTS,2700000.0
110,052,2026,T2_PERSONNEL,27353.153
110,052,2026,T3_BIENS_SERVICES,250000.0
110,052,2026,T4_TRANSFERTS,2700000.0
110,052,2027,T2_PERSONNEL,28714.0
110,052,2027,T3_BIENS_SERVICES,250000.0
110,052,2027,T4_TRANSFERTS,2700000.0
110,052,2028,T2_PERSONNEL,29873.0
110,052,2028,T3_BIENS_SERVICES,250000.0
110,052,2028,T4_TRANSFERTS,2700000.0
111,053,2022,T2_PERSONNEL,13309.715
111,053,2022,T3_BIENS_SERVICES,35313.875
111,053,2022,T4_TRANSFERTS,938259.75
111,053,2023,T3_BIENS_SERVICES,49004.933
111,053,2023,T4_TRANSFERTS,1885000.0
111,053,2024,T3_BIENS_SERVICES,71933.01
111,053,2024,T4_TRANSFERTS,2538000.0
111,053,2024,T5_INVESTISSEMENT_DONS,88563.672
111,053,2024,T5_INVESTISSEMENT_PRETS,16428999.287
111,053,2025,T2_PERSONNEL,32002.0
111,053,2025,T3_BIENS_SERVICES,215000.0
111,053,2025,T4_TRANSFERTS,2379000.0
111,053,2025,T5_INVESTISSEMENT_DONS,984436.0
111,053,2025,T5_INVESTISSEMENT_PRETS,2100000.0
111,053,2026,T2_PERSONNEL,22042.042
111,053,2026,T3_BIENS_SERVICES,265000.0
111,053,2026,T4_TRANSFERTS,2060346.0
111,053,2026,T5_INVESTISSEMENT_DONS,940000.0
111,053,2026,T5_INVESTISSEMENT_PRETS,2200000.0
111,053,2027,T2_PERSONNEL,23083.0
111,053,2027,T3_BIENS_SERVICES,265000.0
111,053,2027,T4_TRANSFERTS,2060346.0
111,053,2027,T5_INVESTISSEMENT_DONS,920000.0
111,053,2028,T2_PERSONNEL,23969.0
111,053,2028,T3_BIENS_SERVICES,265000.0
111,053,2028,T4_TRANSFERTS,2060346.0
111,053,2028,T5_INVESTISSEMENT_DONS,910000.0
113,113,2022,T2_PERSONNEL,52318.786
113,113,2022,T3_BIENS_SERVICES,1338989.773
113,113,2022,T4_TRANSFERTS,48567.142
113,113,2023,T2_PERSONNEL,653804.845
113,113,2023,T3_BIENS_SERVICES,1094111.009
113,113,2023,T4_TRANSFERTS,72000.0
113,113,2024,T2_PERSONNEL,1569714.767
113,113,2024,T3_BIENS_SERVICES,1543239.363
113,113,2024,T5_INVESTISSEMENT_RESSOURCES_INTERIEURES,2162394.202
113,113,2025,T2_PERSONNEL,1299236.0
113,113,2025,T3_BIENS_SERVICES,1953642.0
113,113,2025,T5_INVESTISSEMENT_RESSOURCES_INTERIEURES,1541769.0
113,113,2026,T2_PERSONNEL,1172723.105
113,113,2026,T3_BIENS_SERVICES,1960542.0
113,113,2026,T5_INVESTISSEMENT_RESSOURCES_INTERIEURES,2150000.0
113,113,2027,T2_PERSONNEL,1210908.0
113,113,2027,T3_BIENS_SERVICES,1960542.0
113,113,2028,T2_PERSONNEL,1249887.0
113,113,2028,T3_BIENS_SERVICES,1960542.0
114,098,2024,T2_PERSONNEL,40551.191
114,098,2024,T3_BIENS_SERVICES,42501.0
114,098,2024,T4_TRANSFERTS,75000.0
114,098,2024,T5_INVESTISSEMENT_RESSOURCES_INTERIEURES,9233585.655
114,098,2024,T5_INVESTISSEMENT_DONS,4470420.082
114,098,2024,T5_INVESTISSEMENT_PRETS,30539976.641
114,098,2025,T2_PERSONNEL,102383.0
114,098,2025,T3_BIENS_SERVICES,62152.0
114,098,2025,T4_TRANSFERTS,100000.0
114,098,2025,T5_INVESTISSEMENT_RESSOURCES_INTERIEURES,22552705.0
114,098,2025,T5_INVESTISSEMENT_DONS,6676044.0
114,098,2025,T5_INVESTISSEMENT_PRETS,76971000.0
114,098,2026,T2_PERSONNEL,149284.458
114,098,2026,T3_BIENS_SERVICES,55252.0
114,098,2026,T4_TRANSFERTS,100000.0
114,098,2026,T5_INVESTISSEMENT_RESSOURCES_INTERIEURES,25596037.176
114,098,2026,T5_INVESTISSEMENT_DONS,5700000.0
114,098,2026,T5_INVESTISSEMENT_PRETS,27770073.218
114,098,2027,T2_PERSONNEL,154363.0
114,098,2027,T3_BIENS_SERVICES,55252.0
114,098,2027,T4_TRANSFERTS,100000.0
114,098,2027,T5_INVESTISSEMENT_RESSOURCES_INTERIEURES,23981155.0
114,098,2027,T5_INVESTISSEMENT_DONS,6500000.0
114,098,2027,T5_INVESTISSEMENT_PRETS,15511200.0
114,098,2028,T2_PERSONNEL,159550.0
114,098,2028,T3_BIENS_SERVICES,55250.0
114,098,2028,T4_TRANSFERTS,100000.0
114,098,2028,T5_INVESTISSEMENT_RESSOURCES_INTERIEURES,31085156.0
114,098,2028,T5_INVESTISSEMENT_DONS,8500000.0
114,098,2028,T5_INVESTISSEMENT_PRETS,5604800.0
115,077,2022,T3_BIENS_SERVICES,32999.0
115,077,2022,T5_INVESTISSEMENT_RESSOURCES_INTERIEURES,38273157.515
115,077,2022,T5_INVESTISSEMENT_RESSOURCES_EXTERIEURES,19273813.778
115,077,2023,T2_PERSONNEL,152594.788
115,077,2023,T3_BIENS_SERVICES,42316.926
115,077,2023,T5_INVESTISSEMENT_RESSOURCES_INTERIEURES,49999026.212
115,077,2023,T5_INVESTISSEMENT_PRETS,19218919.298
115,077,2024,T2_PERSONNEL,50646.361
115,077,2024,T3_BIENS_SERVICES,36342.4
115,077,2024,T5_INVESTISSEMENT_RESSOURCES_INTERIEURES,41656966.229
115,077,2024,T5_INVESTISSEMENT_DONS,42792.297
115,077,2024,T5_INVESTISSEMENT_PRETS,28520912.871
115,077,2025,T2_PERSONNEL,169149.0
115,077,2025,T3_BIENS_SERVICES,76000.0
115,077,2025,T5_INVESTISSEMENT_RESSOURCES_INTERIEURES,61384353.0
115,077,2025,T5_INVESTISSEMENT_DONS,12791536.0
115,077,2025,T5_INVESTISSEMENT_PRETS,16001000.0
115,077,2026,T2_PERSONNEL,162178.942
115,077,2026,T3_BIENS_SERVICES,76000.0
115,077,2026,T5_INVESTISSEMENT_RESSOURCES_INTERIEURES,64294907.402
115,077,2026,T5_INVESTISSEMENT_DONS,11429700.599
115,077,2026,T5_INVESTISSEMENT_PRETS,32467404.329
115,077,2027,T2_PERSONNEL,167759.0
115,077,2027,T3_BIENS_SERVICES,76000.0
115,077,2027,T5_INVESTISSEMENT_RESSOURCES_INTERIEURES,70952087.0
115,077,2027,T5_INVESTISSEMENT_DONS,5581124.0
115,077,2027,T5_INVESTISSEMENT_PRETS,36388279.0
115,077,2028,T2_PERSONNEL,173456.0
115,077,2028,T3_BIENS_SERVICES,76000.0
115,077,2028,T5_INVESTISSEMENT_RESSOURCES_INTERIEURES,59873326.0
115,077,2028,T5_INVESTISSEMENT_PRETS,18300479.0
116,078,2022,T2_PERSONNEL,12259.272
116,078,2022,T3_BIENS_SERVICES,34834.072
116,078,2022,T4_TRANSFERTS,5000.0
116,078,2022,T5_INVESTISSEMENT_RESSOURCES_INTERIEURES,6973117.015
116,078,2023,T2_PERSONNEL,216686.55
116,078,2023,T3_BIENS_SERVICES,30000.0
116,078,2023,T4_TRANSFERTS,7500.0
116,078,2023,T5_INVESTISSEMENT_RESSOURCES_INTERIEURES,1518697.437
116,078,2023,T5_INVESTISSEMENT_PRETS,4056173.016
116,078,2024,T2_PERSONNEL,42617.592
116,078,2024,T3_BIENS_SERVICES,40000.0
116,078,2024,T4_TRANSFERTS,7500.0
116,078,2024,T5_INVESTISSEMENT_RESSOURCES_INTERIEURES,821544.482
116,078,2025,T2_PERSONNEL,205701.0
116,078,2025,T3_BIENS_SERVICES,49500.0
116,078,2025,T4_TRANSFERTS,10000.0
116,078,2025,T5_INVESTISSEMENT_RESSOURCES_INTERIEURES,1200000.0
116,078,2026,T2_PERSONNEL,224623.92
116,078,2026,T3_BIENS_SERVICES,49500.0
116,078,2026,T4_TRANSFERTS,10000.0
116,078,2026,T5_INVESTISSEMENT_RESSOURCES_INTERIEURES,1905310.058
116,078,2027,T2_PERSONNEL,232469.0
116,078,2027,T3_BIENS_SERVICES,49500.0
116,078,2027,T4_TRANSFERTS,10000.0
116,078,2027,T5_INVESTISSEMENT_RESSOURCES_INTERIEURES,7423712.0
116,078,2028,T2_PERSONNEL,240478.0
116,078,2028,T3_BIENS_SERVICES,49500.0
116,078,2028,T4_TRANSFERTS,10000.0
116,078,2028,T5_INVESTISSEMENT_RESSOURCES_INTERIEURES,863254.0
118,096,2022,T2_PERSONNEL,966500.0
118,096,2022,T3_BIENS_SERVICES,656900.0
118,096,2022,T4_TRANSFERTS,112000.0
118,096,2022,T5_INVESTISSEMENT_RESSOURCES_INTERIEURES,651600.0
118,096,2023,T2_PERSONNEL,802757.273
118,096,2023,T3_BIENS_SERVICES,1651849.064
118,096,2023,T4_TRANSFERTS,68146.891
118,096,2024,T2_PERSONNEL,824661.81
118,096,2024,T3_BIENS_SERVICES,1793496.62
118,096,2024,T5_INVESTISSEMENT_RESSOURCES_INTERIEURES,250000.0
118,096,2025,T2_PERSONNEL,824548.0
118,096,2025,T3_BIENS_SERVICES,1934795.0
118,096,2025,T5_INVESTISSEMENT_RESSOURCES_INTERIEURES,250000.0
118,096,2026,T2_PERSONNEL,726154.486
118,096,2026,T3_BIENS_SERVICES,1893395.0
118,096,2026,T4_TRANSFERTS,125000.0
118,096,2026,T5_INVESTISSEMENT_RESSOURCES_INTERIEURES,250000.0
118,096,2027,T2_PERSONNEL,771054.0
118,096,2027,T3_BIENS_SERVICES,1894394.0
118,096,2027,T4_TRANSFERTS,125000.0
118,096,2027,T5_INVESTISSEMENT_RESSOURCES_INTERIEURES,250000.0
118,096,2028,T2_PERSONNEL,821605.0
118,096,2028,T3_BIENS_SERVICES,1894395.0
118,096,2028,T4_TRANSFERTS,125000.0
118,096,2028,T5_INVESTISSEMENT_RESSOURCES_INTERIEURES,250000.0
119,093,2022,T2_PERSONNEL,75900.0
119,093,2022,T3_BIENS_SERVICES,71500.0
119,093,2022,T4_TRANSFERTS,80000.0
119,093,2022,T5_INVESTISSEMENT_RESSOURCES_INTERIEURES,22679100.0
119,093,2022,T5_INVESTISSEMENT_RESSOURCES_EXTERIEURES,16987964.495
119,093,2023,T2_PERSONNEL,51356.107
119,093,2023,T3_BIENS_SERVICES,173879.111
119,093,2023,T4_TRANSFERTS,8000.0
119,093,2023,T5_INVESTISSEMENT_RESSOURCES_INTERIEURES,24407003.952
119,093,2023,T5_INVESTISSEMENT_PRETS,15288895.339
119,093,2024,T2_PERSONNEL,64727.404
119,093,2024,T3_BIENS_SERVICES,174095.0
119,093,2024,T4_TRANSFERTS,66400.0
119,093,2024,T5_INVESTISSEMENT_RESSOURCES_INTERIEURES,24168040.079
119,093,2024,T5_INVESTISSEMENT_PRETS,10756497.263
119,093,2025,T2_PERSONNEL,110972.0
119,093,2025,T3_BIENS_SERVICES,183600.0
119,093,2025,T4_TRANSFERTS,66400.0
119,093,2025,T5_INVESTISSEMENT_RESSOURCES_INTERIEURES,22522676.0
119,093,2025,T5_INVESTISSEMENT_DONS,1156290.0
119,093,2025,T5_INVESTISSEMENT_PRETS,33271000.0
119,093,2026,T2_PERSONNEL,85686.541
119,093,2026,T3_BIENS_SERVICES,189000.0
119,093,2026,T4_TRANSFERTS,250000.0
119,093,2026,T5_INVESTISSEMENT_RESSOURCES_INTERIEURES,25496523.934
119,093,2027,T2_PERSONNEL,85687.0
119,093,2027,T3_BIENS_SERVICES,175000.0
119,093,2027,T4_TRANSFERTS,250000.0
119,093,2027,T5_INVESTISSEMENT_RESSOURCES_INTERIEURES,22513825.0
119,093,2028,T2_PERSONNEL,85687.0
119,093,2028,T3_BIENS_SERVICES,175000.0
119,093,2028,T4_TRANSFERTS,250000.0
119,093,2028,T5_INVESTISSEMENT_RESSOURCES_INTERIEURES,25423848.0
120,094,2022,T2_PERSONNEL,343800.0
120,094,2022,T3_BIENS_SERVICES,467700.0
120,094,2022,T4_TRANSFERTS,3422600.0
120,094,2022,T5_INVESTISSEMENT_RESSOURCES_INTERIEURES,2558700.0
120,094,2023,T2_PERSONNEL,607395.193
120,094,2023,T3_BIENS_SERVICES,628394.619
120,094,2023,T4_TRANSFERTS,1437500.0
120,094,2023,T5_INVESTISSEMENT_RESSOURCES_INTERIEURES,1883544.779
120,094,2024,T2_PERSONNEL,484039.078
120,094,2024,T3_BIENS_SERVICES,714609.567
120,094,2024,T4_TRANSFERTS,2302501.392
120,094,2024,T5_INVESTISSEMENT_RESSOURCES_INTERIEURES,1949052.575
120,094,2025,T2_PERSONNEL,690923.0
120,094,2025,T3_BIENS_SERVICES,798696.0
120,094,2025,T4_TRANSFERTS,1722000.0
120,094,2025,T5_INVESTISSEMENT_RESSOURCES_INTERIEURES,1600000.0
120,094,2026,T2_PERSONNEL,560117.724
120,094,2026,T3_BIENS_SERVICES,834696.0
120,094,2026,T4_TRANSFERTS,4413400.0
120,094,2026,T5_INVESTISSEMENT_RESSOURCES_INTERIEURES,1876152.0
120,094,2027,T2_PERSONNEL,560118.0
120,094,2027,T3_BIENS_SERVICES,847696.0
120,094,2027,T4_TRANSFERTS,4413400.0
120,094,2027,T5_INVESTISSEMENT_RESSOURCES_INTERIEURES,1876152.0
120,094,2028,T2_PERSONNEL,560118.0
120,094,2028,T3_BIENS_SERVICES,847696.0
120,094,2028,T4_TRANSFERTS,4413400.0
120,094,2028,T5_INVESTISSEMENT_RESSOURCES_INTERIEURES,1876152.0
121,112,2025,T4_TRANSFERTS,1200000.0
121,112,2026,T4_TRANSFERTS,1200000.0
121,112,2027,T4_TRANSFERTS,1200000.0
121,112,2028,T4_TRANSFERTS,1200000.0
126,001,2022,T2_PERSONNEL,10641909.905
126,001,2022,T3_BIENS_SERVICES,4114477.462
126,001,2022,T4_TRANSFERTS,242000.0
126,001,2022,T5_INVESTISSEMENT_RESSOURCES_INTERIEURES,4211000.0
126,001,2023,T2_PERSONNEL,14969463.362
126,001,2023,T3_BIENS_SERVICES,6465556.17
126,001,2023,T4_TRANSFERTS,275000.0
126,001,2023,T5_INVESTISSEMENT_RESSOURCES_INTERIEURES,3224392.361
126,001,2024,T2_PERSONNEL,15532776.57
126,001,2024,T3_BIENS_SERVICES,5790630.333
126,001,2024,T4_TRANSFERTS,500000.0
126,001,2024,T5_INVESTISSEMENT_RESSOURCES_INTERIEURES,3070920.0
126,001,2025,T2_PERSONNEL,15619843.0
126,001,2025,T3_BIENS_SERVICES,5578207.0
126,001,2025,T4_TRANSFERTS,520000.0
126,001,2025,T5_INVESTISSEMENT_RESSOURCES_INTERIEURES,7600448.0
126,001,2026,T2_PERSONNEL,18057558.59
126,001,2026,T3_BIENS_SERVICES,6857694.402
126,001,2026,T4_TRANSFERTS,570000.0
126,001,2026,T5_INVESTISSEMENT_RESSOURCES_INTERIEURES,7600447.917
126,001,2027,T2_PERSONNEL,19147896.0
126,001,2027,T3_BIENS_SERVICES,6857694.0
126,001,2027,T4_TRANSFERTS,570000.0
126,001,2027,T5_INVESTISSEMENT_RESSOURCES_INTERIEURES,13843448.0
126,001,2028,T2_PERSONNEL,20411925.0
126,001,2028,T3_BIENS_SERVICES,6857694.0
126,001,2028,T4_TRANSFERTS,570000.0
126,001,2028,T5_INVESTISSEMENT_RESSOURCES_INTERIEURES,3500000.0
127,002,2022,T2_PERSONNEL,1028279.655
127,002,2022,T3_BIENS_SERVICES,594085.101
127,002,2022,T4_TRANSFERTS,2954.752
127,002,2023,T2_PERSONNEL,1616980.362
127,002,2023,T3_BIENS_SERVICES,519253.899
127,002,2023,T4_TRANSFERTS,2954.752
127,002,2024,T2_PERSONNEL,1721216.746
127,002,2024,T3_BIENS_SERVICES,510137.051
127,002,2024,T4_TRANSFERTS,2954.752
127,002,2025,T2_PERSONNEL,1961475.0
127,002,2025,T3_BIENS_SERVICES,803235.0
127,002,2025,T4_TRANSFERTS,3600.0
127,002,2026,T2_PERSONNEL,1961474.948
127,002,2026,T3_BIENS_SERVICES,803235.0
127,002,2026,T4_TRANSFERTS,3600.0
127,002,2027,T2_PERSONNEL,2080961.0
127,002,2027,T3_BIENS_SERVICES,803235.0
127,002,2027,T4_TRANSFERTS,3600.0
127,002,2028,T2_PERSONNEL,2212760.0
127,002,2028,T3_BIENS_SERVICES,803235.0
127,002,2028,T4_TRANSFERTS,3600.0
128,003,2022,T2_PERSONNEL,2391909.778
128,003,2022,T3_BIENS_SERVICES,790892.313
128,003,2022,T4_TRANSFERTS,54141.002
128,003,2023,T2_PERSONNEL,3416314.068
128,003,2023,T3_BIENS_SERVICES,943324.712
128,003,2023,T4_TRANSFERTS,53924.936
128,003,2024,T2_PERSONNEL,4780172.968
128,003,2024,T3_BIENS_SERVICES,1017876.106
128,003,2024,T4_TRANSFERTS,54128.283
128,003,2025,T2_PERSONNEL,2869317.0
128,003,2025,T3_BIENS_SERVICES,1375025.0
128,003,2025,T4_TRANSFERTS,57387.0
128,003,2026,T2_PERSONNEL,2886095.0
128,003,2026,T3_BIENS_SERVICES,1375025.0
128,003,2026,T4_TRANSFERTS,57387.0
128,003,2027,T2_PERSONNEL,2926731.0
128,003,2027,T3_BIENS_SERVICES,1375025.0
128,003,2027,T4_TRANSFERTS,57387.0
128,003,2028,T2_PERSONNEL,2967909.0
128,003,2028,T3_BIENS_SERVICES,1375025.0
128,003,2028,T4_TRANSFERTS,57387.0
129,004,2022,T2_PERSONNEL,1281945.34
129,004,2022,T3_BIENS_SERVICES,546673.096
129,004,2022,T4_TRANSFERTS,26644.177
129,004,2023,T2_PERSONNEL,1364387.394
129,004,2023,T3_BIENS_SERVICES,461635.702
129,004,2023,T4_TRANSFERTS,26644.177
129,004,2024,T2_PERSONNEL,1009656.332
129,004,2024,T3_BIENS_SERVICES,476069.851
129,004,2024,T4_TRANSFERTS,15263.721
129,004,2025,T2_PERSONNEL,1373021.0
129,004,2025,T3_BIENS_SERVICES,664288.0
129,004,2025,T4_TRANSFERTS,27000.0
129,004,2026,T2_PERSONNEL,2684665.0
129,004,2026,T3_BIENS_SERVICES,1052288.0
129,004,2026,T4_TRANSFERTS,27000.0
129,004,2027,T2_PERSONNEL,2821077.0
129,004,2027,T3_BIENS_SERVICES,1052288.0
129,004,2027,T4_TRANSFERTS,27000.0
129,004,2028,T2_PERSONNEL,3007690.0
129,004,2028,T3_BIENS_SERVICES,1052288.0
129,004,2028,T4_TRANSFERTS,27000.0
130,005,2022,T2_PERSONNEL,1184829.686
130,005,2022,T3_BIENS_SERVICES,920922.976
130,005,2022,T4_TRANSFERTS,2976.877
130,005,2023,T2_PERSONNEL,1175369.232
130,005,2023,T3_BIENS_SERVICES,885458.09
130,005,2023,T4_TRANSFERTS,2803.09
130,005,2024,T2_PERSONNEL,1310071.083
130,005,2024,T3_BIENS_SERVICES,993426.461
130,005,2024,T4_TRANSFERTS,2885.117
130,005,2025,T2_PERSONNEL,2023659.0
130,005,2025,T3_BIENS_SERVICES,1078273.0
130,005,2025,T4_TRANSFERTS,3000.0
130,005,2026,T2_PERSONNEL,1771390.514
130,005,2026,T3_BIENS_SERVICES,1068273.0
130,005,2026,T4_TRANSFERTS,13000.0
130,005,2027,T2_PERSONNEL,1879095.0
130,005,2027,T3_BIENS_SERVICES,1068273.0
130,005,2027,T4_TRANSFERTS,13000.0
130,005,2028,T2_PERSONNEL,1993846.0
130,005,2028,T3_BIENS_SERVICES,1068273.0
130,005,2028,T4_TRANSFERTS,13000.0
131,006,2022,T2_PERSONNEL,304853.3
131,006,2022,T3_BIENS_SERVICES,252874.285
131,006,2022,T4_TRANSFERTS,1000.0
131,006,2023,T2_PERSONNEL,271577.005
131,006,2023,T3_BIENS_SERVICES,221081.153
131,006,2023,T4_TRANSFERTS,1000.0
131,006,2024,T2_PERSONNEL,330740.545
131,006,2024,T3_BIENS_SERVICES,338167.354
131,006,2024,T4_TRANSFERTS,1000.0
131,006,2025,T2_PERSONNEL,387628.0
131,006,2025,T3_BIENS_SERVICES,531660.0
131,006,2025,T4_TRANSFERTS,1000.0
131,006,2026,T2_PERSONNEL,411017.0
131,006,2026,T3_BIENS_SERVICES,539475.422
131,006,2026,T4_TRANSFERTS,1000.0
131,006,2027,T2_PERSONNEL,434242.0
131,006,2027,T3_BIENS_SERVICES,539475.0
131,006,2027,T4_TRANSFERTS,1000.0
131,006,2028,T2_PERSONNEL,461438.0
131,006,2028,T3_BIENS_SERVICES,539475.0
131,006,2028,T4_TRANSFERTS,1000.0
132,007,2022,T2_PERSONNEL,47400.0
132,007,2022,T3_BIENS_SERVICES,329294.677
132,007,2022,T4_TRANSFERTS,2428.809
132,007,2023,T2_PERSONNEL,168461.448
132,007,2023,T3_BIENS_SERVICES,368553.676
132,007,2023,T4_TRANSFERTS,2953.794
132,007,2024,T2_PERSONNEL,201328.609
132,007,2024,T3_BIENS_SERVICES,477833.788
132,007,2024,T4_TRANSFERTS,2327.979
132,007,2025,T2_PERSONNEL,199068.0
132,007,2025,T3_BIENS_SERVICES,677755.0
132,007,2025,T4_TRANSFERTS,3400.0
132,007,2026,T2_PERSONNEL,202643.0
132,007,2026,T3_BIENS_SERVICES,603155.0
132,007,2026,T4_TRANSFERTS,78000.0
132,007,2027,T2_PERSONNEL,214121.0
132,007,2027,T3_BIENS_SERVICES,603155.0
132,007,2027,T4_TRANSFERTS,78000.0
132,007,2028,T2_PERSONNEL,223141.0
132,007,2028,T3_BIENS_SERVICES,603155.0
132,007,2028,T4_TRANSFERTS,78000.0
133,008,2022,T2_PERSONNEL,876895.05
133,008,2022,T3_BIENS_SERVICES,257067.069
133,008,2022,T4_TRANSFERTS,102939.567
133,008,2023,T2_PERSONNEL,793285.039
133,008,2023,T3_BIENS_SERVICES,257443.437
133,008,2023,T4_TRANSFERTS,19787.875
133,008,2024,T2_PERSONNEL,846688.024
133,008,2024,T3_BIENS_SERVICES,504410.562
133,008,2024,T4_TRANSFERTS,3952.644
133,008,2025,T2_PERSONNEL,1096314.0
133,008,2025,T3_BIENS_SERVICES,702950.0
133,008,2025,T4_TRANSFERTS,7500.0
133,008,2026,T2_PERSONNEL,1113771.75
133,008,2026,T3_BIENS_SERVICES,700450.0
133,008,2026,T4_TRANSFERTS,10000.0
133,008,2027,T2_PERSONNEL,1188772.0
133,008,2027,T3_BIENS_SERVICES,700450.0
133,008,2027,T4_TRANSFERTS,10000.0
133,008,2028,T2_PERSONNEL,1266736.0
133,008,2028,T3_BIENS_SERVICES,700450.0
133,008,2028,T4_TRANSFERTS,10000.0
134,101,2022,T2_PERSONNEL,140799.694
134,101,2022,T3_BIENS_SERVICES,1740526.022
134,101,2022,T4_TRANSFERTS,2644.521
134,101,2023,T2_PERSONNEL,455674.601
134,101,2023,T3_BIENS_SERVICES,1910161.825
134,101,2023,T4_TRANSFERTS,3404.35
134,101,2024,T2_PERSONNEL,1393475.506
134,101,2024,T3_BIENS_SERVICES,2370135.65
134,101,2024,T4_TRANSFERTS,78429.4
134,101,2025,T2_PERSONNEL,2371563.0
134,101,2025,T3_BIENS_SERVICES,2666600.0
134,101,2025,T4_TRANSFERTS,10000.0
134,101,2026,T2_PERSONNEL,2183402.0
134,101,2026,T3_BIENS_SERVICES,2666600.0
134,101,2026,T4_TRANSFERTS,10000.0
134,101,2027,T2_PERSONNEL,2305167.0
134,101,2027,T3_BIENS_SERVICES,2666600.0
134,101,2027,T4_TRANSFERTS,10000.0
134,101,2028,T2_PERSONNEL,2286345.0
134,101,2028,T3_BIENS_SERVICES,2666600.0
134,101,2028,T4_TRANSFERTS,10000.0
135,010,2022,T2_PERSONNEL,315821.766
135,010,2022,T3_BIENS_SERVICES,188986.462
135,010,2022,T4_TRANSFERTS,196.787
135,010,2022,T5_INVESTISSEMENT_RESSOURCES_INTERIEURES,14507.85
135,010,2023,T2_PERSONNEL,368791.222
135,010,2023,T3_BIENS_SERVICES,172254.13
135,010,2024,T2_PERSONNEL,358937.695
135,010,2024,T3_BIENS_SERVICES,204132.51
135,010,2024,T4_TRANSFERTS,1797.324
135,010,2025,T2_PERSONNEL,437500.0
135,010,2025,T3_BIENS_SERVICES,294411.0
135,010,2025,T4_TRANSFERTS,2200.0
135,010,2026,T2_PERSONNEL,438847.921
135,010,2026,T3_BIENS_SERVICES,389711.0
135,010,2026,T4_TRANSFERTS,6900.0
135,010,2027,T2_PERSONNEL,466561.0
135,010,2027,T3_BIENS_SERVICES,389711.0
135,010,2027,T4_TRANSFERTS,6900.0
135,010,2028,T2_PERSONNEL,497280.0
135,010,2028,T3_BIENS_SERVICES,389711.0
135,010,2028,T4_TRANSFERTS,6900.0
136,010,2022,T2_PERSONNEL,1734695.512
136,010,2022,T3_BIENS_SERVICES,7288730.431
136,010,2022,T4_TRANSFERTS,15476184.455
136,010,2023,T2_PERSONNEL,1774276.183
136,010,2023,T3_BIENS_SERVICES,7551155.808
136,010,2023,T4_TRANSFERTS,21284084.727
136,010,2023,T5_INVESTISSEMENT_RESSOURCES_INTERIEURES,125387.162
136,010,2023,T5_INVESTISSEMENT_DONS,11849520.444
136,010,2023,T5_INVESTISSEMENT_PRETS,834854.329
136,010,2024,T2_PERSONNEL,1688008.077
136,010,2024,T3_BIENS_SERVICES,7432906.547
136,010,2024,T4_TRANSFERTS,29459052.561
136,010,2024,T5_INVESTISSEMENT_DONS,18789692.691
136,010,2024,T5_INVESTISSEMENT_PRETS,2930300.27
136,010,2025,T2_PERSONNEL,1731295.0
136,010,2025,T3_BIENS_SERVICES,9335168.0
136,010,2025,T4_TRANSFERTS,25767900.0
136,010,2025,T5_INVESTISSEMENT_RESSOURCES_INTERIEURES,900000.0
136,010,2025,T5_INVESTISSEMENT_DONS,3534032.0
136,010,2025,T5_INVESTISSEMENT_PRETS,10213000.0
136,010,2026,T2_PERSONNEL,1808137.0
136,010,2026,T3_BIENS_SERVICES,24107474.0
136,010,2026,T4_TRANSFERTS,35929642.0
136,010,2026,T5_INVESTISSEMENT_DONS,510000.0
136,010,2026,T5_INVESTISSEMENT_PRETS,5522868.0
136,010,2027,T2_PERSONNEL,1887896.0
136,010,2027,T3_BIENS_SERVICES,24107474.0
136,010,2027,T4_TRANSFERTS,35929642.0
136,010,2027,T5_INVESTISSEMENT_DONS,310000.0
136,010,2028,T2_PERSONNEL,1997410.0
136,010,2028,T3_BIENS_SERVICES,24107474.0
136,010,2028,T4_TRANSFERTS,35929642.0
137,014,2022,T4_TRANSFERTS,488277.0
137,014,2023,T4_TRANSFERTS,488277.0
137,014,2024,T4_TRANSFERTS,488277.0
137,014,2025,T4_TRANSFERTS,638277.0
137,014,2026,T4_TRANSFERTS,738277.0
137,014,2027,T4_TRANSFERTS,738277.0
137,014,2028,T4_TRANSFERTS,738277.0
138,011,2022,T2_PERSONNEL,55502325.428
138,011,2022,T3_BIENS_SERVICES,42778602.124
138,011,2022,T4_TRANSFERTS,269269066.529
138,011,2023,T2_PERSONNEL,33012459.781
138,011,2023,T3_BIENS_SERVICES,11546406.01
138,011,2023,T4_TRANSFERTS,305613582.199
138,011,2024,T2_PERSONNEL,31246048.762
138,011,2024,T3_BIENS_SERVICES,7282391.286
138,011,2024,T4_TRANSFERTS,309092860.693
138,011,2025,T2_PERSONNEL,72508218.0
138,011,2025,T3_BIENS_SERVICES,15949313.0
138,011,2025,T4_TRANSFERTS,306314236.0
138,011,2026,T2_PERSONNEL,92681849.0
138,011,2026,T3_BIENS_SERVICES,21131926.0
138,011,2026,T4_TRANSFERTS,303031962.0
138,011,2027,T2_PERSONNEL,150935052.0
138,011,2027,T3_BIENS_SERVICES,77018117.0
138,011,2027,T4_TRANSFERTS,371409845.0
138,011,2028,T2_PERSONNEL,189680891.0
138,011,2028,T3_BIENS_SERVICES,150934641.0
138,011,2028,T4_TRANSFERTS,448629845.0
