code,code_source,libelle,type,institution_libelle,institution_sigle,premiere_annee_credits,derniere_annee_credits,credits_2026_milliers_fcfa,ligne_source,anomalies
015,015,Pilotage et soutien aux services du MDC,PROGRAMME,MINISTERE DU DEVELOPPEMENT ET DE LA COORDINATION DE L'ACTION GOUVERNEMENTALE,MDC,2022,2028,3959842.0,8,
016,016,Orientation et évaluation des politiques de développement,PROGRAMME,MINISTERE DU DEVELOPPEMENT ET DE LA COORDINATION DE L'ACTION GOUVERNEMENTALE,MDC,2022,2028,4695239.0,9,
018,018,Pilotage et soutien aux services du MJL,PROGRAMME,MINISTERE DE LA JUSTICE ET DE LA LEGISLATION,MJL,2022,2028,5555163.828,11,
019,019,Cadre législatif normatif et institutionnel,PROGRAMME,MINISTERE DE LA JUSTICE ET DE LA LEGISLATION,MJL,2022,2028,1489249.258,12,
020,020,Services judiciaires,PROGRAMME,MINISTERE DE LA JUSTICE ET DE LA LEGISLATION,MJL,2022,2028,27616690.926,13,
095,095,Système pénitentiaire,PROGRAMME,MINISTERE DE LA JUSTICE ET DE LA LEGISLATION,MJL,2022,2028,8000000.0,14,
021,021,Droits Humains,PROGRAMME,MINISTERE DE LA JUSTICE ET DE LA LEGISLATION,MJL,2022,2028,572591.92,15,
022,022,Pilotage et soutiens aux services du MAE,PROGRAMME,MINISTERE DES AFFAIRES ETRANGERES,MAE,2022,2028,4795207.374,17,
023,023,Diplomatie et relations extérieures,PROGRAMME,MINISTERE DES AFFAIRES ETRANGERES,MAE,2022,2028,1805064.935,18,
103,103,Attractivité et rayonnement du Bénin à l'extérieur,PROGRAMME,MINISTERE DES AFFAIRES ETRANGERES,MAE,2022,2028,11659463.596,19,
026,026,Pilotage et soutien aux services du MEF,PROGRAMME,MINISTERE DE L'ECONOMIE ET DES FINANCES,MEF,2022,2028,7464125.0,21,
027,027,Gestion du cadre macroéconomique et du secteur financier,PROGRAMME,MINISTERE DE L'ECONOMIE ET DES FINANCES,MEF,2022,2028,25795272.102,22,
028,028,Mobilisation des ressources financières et gestion de la trésorerie de l'Etat,PROGRAMME,MINISTERE DE L'ECONOMIE ET DES FINANCES,MEF,2022,2028,19934938.0,23,
029,029,Gestion des dépenses publiques,PROGRAMME,MINISTERE DE L'ECONOMIE ET DES FINANCES,MEF,2022,2028,7512927.0,24,
030,030,Gestion des biens de l'Etat et du foncier,PROGRAMME,MINISTERE DE L'ECONOMIE ET DES FINANCES,MEF,2022,2024,0.0,25,
031,31,Assurance retraite des Agents de l'Etat,PROGRAMME,MINISTERE DE L'ECONOMIE ET DES FINANCES,MEF,2022,2028,90600000.0,26,CODE_NORMALISE
107,107,Prévention et gestion des catastrophes,PROGRAMME,MINISTERE DE L'ECONOMIE ET DES FINANCES,MEF,2022,2028,28000000.0,27,
108,108,Modernisation des regies financières,PROGRAMME,MINISTERE DE L'ECONOMIE ET DES FINANCES,MEF,2022,2028,6000000.0,28,
080,080,Pilotage et soutien aux services du MISP,PROGRAMME,MINISTERE DE L'INTERIEUR ET DE LA SECURITE PUBLIQUE,MISP,2022,2028,16936716.0,30,
081,081,Sécurité publique,PROGRAMME,MINISTERE DE L'INTERIEUR ET DE LA SECURITE PUBLIQUE,MISP,2022,2028,62421575.0,31,
082,082,Protection civile,PROGRAMME,MINISTERE DE L'INTERIEUR ET DE LA SECURITE PUBLIQUE,MISP,2022,2028,8903258.0,32,
084,084,Gestion intégrée des espaces frontaliers,PROGRAMME,MINISTERE DE L'INTERIEUR ET DE LA SECURITE PUBLIQUE,MISP,2022,2028,2020000.0,33,CODE_REUTILISE
083,083,Gestion des affaires interieures,PROGRAMME,MINISTERE DE L'INTERIEUR ET DE LA SECURITE PUBLIQUE,MISP,2022,2028,377331.0,34,
035,035,Pilotage et soutiens aux services du MAEP,PROGRAMME,"MINISTERE DE L'AGRICULTURE, DE L'ELEVAGE ET DE LA PECHE",MAEP,2022,2028,11013649.195,36,
036,036,Agriculture,PROGRAMME,"MINISTERE DE L'AGRICULTURE, DE L'ELEVAGE ET DE LA PECHE",MAEP,2022,2028,110403000.537,37,
037,037,Elevage,PROGRAMME,"MINISTERE DE L'AGRICULTURE, DE L'ELEVAGE ET DE LA PECHE",MAEP,2022,2028,18252421.261,38,
038,038,Pêche et aquaculture,PROGRAMME,"MINISTERE DE L'AGRICULTURE, DE L'ELEVAGE ET DE LA PECHE",MAEP,2022,2028,7788655.464,39,
039,039,Pilotage et soutien aux services du MDGL,PROGRAMME,MINISTERE DE LA DECENTRALISATION ET DE LA GOUVERNANCE LOCALE,MDGL,2022,2028,2683477.651,41,
040,040,Gouvernance et développement à la base,PROGRAMME,MINISTERE DE LA DECENTRALISATION ET DE LA GOUVERNANCE LOCALE,MDGL,2022,2028,49317690.267,42,
041,041,Appui à la déconcentration,PROGRAMME,MINISTERE DE LA DECENTRALISATION ET DE LA GOUVERNANCE LOCALE,MDGL,2022,2028,3293037.308,43,
042,042,Pilotage et soutien aux services du MTFP,PROGRAMME,MINISTERE DU TRAVAIL ET DE LA FONCTION PUBLIQUE,MTFP,2022,2028,5433546.439,45,
043,043,Travail et Sécurité Sociale,PROGRAMME,MINISTERE DU TRAVAIL ET DE LA FONCTION PUBLIQUE,MTFP,2022,2028,747495.495,46,
044,044,Modernisation de l'administration publique,PROGRAMME,MINISTERE DU TRAVAIL ET DE LA FONCTION PUBLIQUE,MTFP,2022,2028,1779754.024,47,
046,046,Prévention et Sécurité sanitaire,PROGRAMME,MINISTERE DE LA SANTE,MS,2022,2028,21718359.64,49,
047,047,Offre et accès aux soins de santé,PROGRAMME,MINISTERE DE LA SANTE,MS,2022,2028,103346962.726,50,
045,045,Pilotage et Soutien aux services du MS,PROGRAMME,MINISTERE DE LA SANTE,MS,2022,2028,72989185.854,51,
054,054,Pilotage et soutien aux services du MESRS,PROGRAMME,MINISTERE DE L'ENSEIGNEMENT SUPERIEUR ET DE LA RECHERCHE SCIENTIFIQUE,MESRS,2022,2028,5902520.012,53,
055,055,Enseignement supérieur,PROGRAMME,MINISTERE DE L'ENSEIGNEMENT SUPERIEUR ET DE LA RECHERCHE SCIENTIFIQUE,MESRS,2022,2028,64146900.548,54,
056,056,Recherche scientifique et innovation technologique,PROGRAMME,MINISTERE DE L'ENSEIGNEMENT SUPERIEUR ET DE LA RECHERCHE SCIENTIFIQUE,MESRS,2022,2028,1179348.697,55,
057,057,Vie de l'étudiant,PROGRAMME,MINISTERE DE L'ENSEIGNEMENT SUPERIEUR ET DE LA RECHERCHE SCIENTIFIQUE,MESRS,2022,2028,17233137.661,56,
058,058,Pilotage et soutien aux services du MESTFP,PROGRAMME,"MINISTERE DES ENSEIGNEMENTS SECONDAIRE, TECHNIQUE, ET DE LA FORMATION PROFESSIONNELLE",MESTFP,2022,2028,89382107.348,58,
059,059,Enseignement secondaire général,PROGRAMME,"MINISTERE DES ENSEIGNEMENTS SECONDAIRE, TECHNIQUE, ET DE LA FORMATION PROFESSIONNELLE",MESTFP,2022,2028,32442512.737,59,
060,060,Enseignement technique et formation professionnelle,PROGRAMME,"MINISTERE DES ENSEIGNEMENTS SECONDAIRE, TECHNIQUE, ET DE LA FORMATION PROFESSIONNELLE",MESTFP,2022,2028,188575062.407,60,
061,061,Alphabétisation et promotion des langues nationales,PROGRAMME,"MINISTERE DES ENSEIGNEMENTS SECONDAIRE, TECHNIQUE, ET DE LA FORMATION PROFESSIONNELLE",MESTFP,2022,2027,652572.021,61,
062,062,Pilotage et soutiens aux services du MEMP,PROGRAMME,MINISTERE DES ENSEIGNEMENTS MATERNEL ET PRIMAIRE,MEMP,2022,2028,153158507.0,63,
063,063,"Accès, équité et rétention",PROGRAMME,MINISTERE DES ENSEIGNEMENTS MATERNEL ET PRIMAIRE,MEMP,2022,2028,47718125.0,64,
064,064,Qualité de l'enseignement,PROGRAMME,MINISTERE DES ENSEIGNEMENTS MATERNEL ET PRIMAIRE,MEMP,2022,2028,9192587.0,65,
102,102,Partenariat mondial pour l'Education,PROGRAMME,MINISTERE DES ENSEIGNEMENTS MATERNEL ET PRIMAIRE,MEMP,2022,2023,0.0,66,
100,100,Pilotage et soutien aux services du MND,PROGRAMME,MINISTERE DU NUMERIQUE ET DE LA DIGITALISATION,MND,2022,2028,2184235.0,68,
066,066,Sécurité Numérique,PROGRAMME,MINISTERE DU NUMERIQUE ET DE LA DIGITALISATION,MND,,,0.0,69,
104,104,"Digitalisation de l'Administration, des entreprises et de la société",PROGRAMME,MINISTERE DU NUMERIQUE ET DE LA DIGITALISATION,MND,2022,2022,0.0,70,
109,109,Medias,PROGRAMME,MINISTERE DU NUMERIQUE ET DE LA DIGITALISATION,MND,2022,2028,12681649.054,71,
106,106,Infrastructure et Usages Numériques,PROGRAMME,MINISTERE DU NUMERIQUE ET DE LA DIGITALISATION,MND,2022,2022,0.0,72,
111,111,Numérique,PROGRAMME,MINISTERE DU NUMERIQUE ET DE LA DIGITALISATION,MND,2022,2028,12372151.0,73,
068,068,Pilotage et soutien aux services du MIT,PROGRAMME,MINISTERE DES INFRASTRUCTURES ET DES TRANSPORTS,MIT,2022,2023,0.0,75,
069,069,Entretien et construction de routes et infrastructures de transport rural,PROGRAMME,MINISTERE DES INFRASTRUCTURES ET DES TRANSPORTS,MIT,2022,2023,0.0,76,
070,070,Transport Terrestre et securité routière,PROGRAMME,MINISTERE DES INFRASTRUCTURES ET DES TRANSPORTS,MIT,2022,2023,0.0,77,
071,071,Transport maritime,PROGRAMME,MINISTERE DES INFRASTRUCTURES ET DES TRANSPORTS,MIT,2022,2023,0.0,78,
072,072,Transport aérien,PROGRAMME,MINISTERE DES INFRASTRUCTURES ET DES TRANSPORTS,MIT,2022,2023,0.0,79,
073,073,Pilotage et soutien aux services du MIC,PROGRAMME,MINISTERE DE L'INDUSTRIE ET DU COMMERCE,MIC,2022,2028,1842342.337,81,
074,074,Industrie,PROGRAMME,MINISTERE DE L'INDUSTRIE ET DU COMMERCE,MIC,2022,2028,1306170.333,82,
075,075,Commerce,PROGRAMME,MINISTERE DE L'INDUSTRIE ET DU COMMERCE,MIC,2022,2028,5779556.301,83,
078,078,Pilotage et soutiens aux services du ME,PROGRAMME,MINISTERE DE L'ENERGIE,ME,2022,2023,0.0,85,CODE_REUTILISE
079,079,Energie,PROGRAMME,MINISTERE DE L'ENERGIE,ME,2022,2023,0.0,86,
114,114,Pilotage et soutien aux services du MCVT,PROGRAMME,MINISTERE DU CADRE DE VIE ET DES TRANSPORTS CHARGE DU DEVELOPPEMENT DURABLE,MCVT,2022,2028,9934683.867,88,
115,115,"Environnement , forêt et climat",PROGRAMME,MINISTERE DU CADRE DE VIE ET DES TRANSPORTS CHARGE DU DEVELOPPEMENT DURABLE,MCVT,2022,2028,41993071.111,89,
084,084,Gestion durable des forêts et des ressources naturelles,PROGRAMME,MINISTERE DU CADRE DE VIE ET DES TRANSPORTS CHARGE DU DEVELOPPEMENT DURABLE,MCVT,2022,2023,0.0,90,CODE_REUTILISE
088,088,Villes et territoires durables,PROGRAMME,MINISTERE DU CADRE DE VIE ET DES TRANSPORTS CHARGE DU DEVELOPPEMENT DURABLE,MCVT,2022,2028,104250441.238,91,
116,116,Infrastructures et Transports,PROGRAMME,MINISTERE DU CADRE DE VIE ET DES TRANSPORTS CHARGE DU DEVELOPPEMENT DURABLE,MCVT,2024,2028,161385066.718,92,
089,089,Construction et Habitat,PROGRAMME,MINISTERE DU CADRE DE VIE ET DES TRANSPORTS CHARGE DU DEVELOPPEMENT DURABLE,MCVT,2022,2028,138200795.459,93,
099,099,Pilotage et soutien aux services du Msports,PROGRAMME,MINISTERE DES SPORTS,MSPORTS,2022,2028,2064853.27,95,
091,091,Sport,PROGRAMME,MINISTERE DES SPORTS,MSPORTS,2022,2028,28357262.657,96,
092,092,Jeunesse et Loisirs,PROGRAMME,MINISTERE DES SPORTS,MSPORTS,2022,2028,227946.497,97,
117,117,Fonds de développement du sport,PROGRAMME,MINISTERE DES SPORTS,MSPORTS,2025,2028,3000000.0,98,
048,048,Pilotage et soutien aux services du MDN,PROGRAMME,MINISTERE DE LA DEFENSE NATIONALE,MDN,2022,2028,21970097.363,100,
049,049,Protection du territoire national et participation aux opérations militaires,PROGRAMME,MINISTERE DE LA DEFENSE NATIONALE,MDN,2022,2028,82662966.421,101,
110,110,Opérations Militaire à l'extérieur,PROGRAMME,MINISTERE DE LA DEFENSE NATIONALE,MDN,2022,2024,0.0,102,
032,032,Pilotage et soutien aux services du MASM,PROGRAMME,MINISTERE DES AFFAIRES SOCIALES ET DE LA MICROFINANCE,MASM,2022,2028,5165022.995,104,
033,033,PROMOTION SOCIO-ECONOMIQUE DES COUCHES VULNERABLES,PROGRAMME,MINISTERE DES AFFAIRES SOCIALES ET DE LA MICROFINANCE,MASM,2022,2028,22719486.176,105,
034,034,PROMOTION DE L'INDUSTRIE DE LA MICROFINANCE,PROGRAMME,MINISTERE DES AFFAIRES SOCIALES ET DE LA MICROFINANCE,MASM,2022,2028,929034.004,106,
050,050,Pilotage et soutien aux services du MPMEPE,PROGRAMME,MINISTERE DES PETITES ET MOYENNES ENTREPRISES ET DE LA PROMOTION DE L'EMPLOI,MPMEPE,2022,2028,2022447.92,108,
051,051,Emploi,PROGRAMME,MINISTERE DES PETITES ET MOYENNES ENTREPRISES ET DE LA PROMOTION DE L'EMPLOI,MPMEPE,2022,2028,9073512.964,109,
052,052,Artisanat,PROGRAMME,MINISTERE DES PETITES ET MOYENNES ENTREPRISES ET DE LA PROMOTION DE L'EMPLOI,MPMEPE,2022,2028,2977353.153,110,
053,053,Appui aux PME,PROGRAMME,MINISTERE DES PETITES ET MOYENNES ENTREPRISES ET DE LA PROMOTION DE L'EMPLOI,MPMEPE,2022,2028,5487388.042,111,
113,0113,Pilotage et soutiens aux services du MEEM,PROGRAMME,"MINISTERE DE L'ENERGIE, L'EAU ET DES MINES",MEEM,2022,2028,5283265.105,113,CODE_NORMALISE
098,098,Energie,PROGRAMME,"MINISTERE DE L'ENERGIE, L'EAU ET DES MINES",MEEM,2024,2028,59370646.852,114,
077,077,Eau,PROGRAMME,"MINISTERE DE L'ENERGIE, L'EAU ET DES MINES",MEEM,2022,2028,108430191.272,115,
078,078,Mines,PROGRAMME,"MINISTERE DE L'ENERGIE, L'EAU ET DES MINES",MEEM,2022,2028,2189433.978,116,CODE_REUTILISE
096,096,Pilotage et soutiens aux services du MTCA,PROGRAMME,"MINISTERE DU TOURISME, DE LA CULTURE ET DES ARTS",MTCA,2022,2028,2994549.486,118,
093,093,Tourisme,PROGRAMME,"MINISTERE DU TOURISME, DE LA CULTURE ET DES ARTS",MTCA,2022,2028,26021210.475,119,
094,094,Culture et Art,PROGRAMME,"MINISTERE DU TOURISME, DE LA CULTURE ET DES ARTS",MTCA,2022,2028,7684365.724,120,
112,112,Fonds de développement des Arts et de la culture,PROGRAMME,"MINISTERE DU TOURISME, DE LA CULTURE ET DES ARTS",MTCA,2025,2028,1200000.0,121,
001,001,Dotation pour l'Assemblée Nationale,DOTATION,Assemblée Nationale,,2022,2028,33085700.909,126,
002,002,Dotation pour la Cour Constitutionnelle,DOTATION,Cour Constitutionnelle,,2022,2028,2768309.948,127,
003,003,Dotation pour la Cour Suprême,DOTATION,Cour Suprême,,2022,2028,4318507.0,128,
004,004,Dotation pour le Conseil Economique et Social,DOTATION,Conseil Economique et Social,,2022,2028,3763953.0,129,
005,005,Dotation pour la Haute Autorité de l’Audiovisuel et de la Communication,DOTATION,Haute Autorité de l’Audiovisuel et de la Communication,,2022,2028,2852663.514,130,
006,006,Dotation pour la Haute Cour de Justice,DOTATION,Haute Cour de Justice,,2022,2028,951492.422,131,
007,007,Dotation pour le Médiateur de la République,DOTATION,Médiateur de la République,,2022,2028,883798.0,132,
008,008,Dotation pour la Commission Electorale Nationale Autonome,DOTATION,Commission Electorale Nationale Autonome,,2022,2028,1824221.75,133,
101,101,Cour des Comptes,DOTATION,Cour des Comptes,,2022,2028,4860002.0,134,
010,010,Dotation pour la Commission Béninoise des Droits de l'Homme,DOTATION,Commission Béninoise des Droits de l'Homme,,2022,2028,835458.921,135,CODE_REUTILISE
010,010,Dotation pour la Présidence de la République,DOTATION,Présidence de la République,,2022,2028,67878121.0,136,CODE_REUTILISE
014,014,Dotation pour l'Autorité de Protection des Données à Caractère Personnel,DOTATION,Autorité de Protection des Données à Caractère Personnel,,2022,2028,738277.0,137,
011,011,"Dotation pour les dépenses d'intervention publique, accidentelles et imprévisibles",DOTATION,"Dépenses d'intervention publique, accidentelles et imprévisibles",,2022,2028,416845737.0,138,
012,012,"Dotations pour les crédits destinés à couvrir les défauts de remboursement ou les appels en garanties intervenues sur les comptes d'avances, de prêts, d'aval et de garanties",DOTATION,"Crédits destinés à couvrir les défauts de remboursement ou les appels en garanties intervenues sur les comptes d'avances, de prêts, d'aval et de garanties",,2025,2028,700500.0,139,
013,013,Dotation pour les Charges financières de la dette,DOTATION,Charges financières de la dette,,2022,2028,266599500.0,140,
